[2026-09-07 10:59:47] local.ERROR: Class "Redis" not found {"exception":"[object] (Error(code: 0): Class \"Redis\" not found at /Users/unknwnkate/Desktop/hoffman-project/hoffman-backend/vendor/laravel/framework/src/Illuminate/Redis/Connectors/PhpRedisConnector.php:79)
[stacktrace]
#0 /Users/unknwnkate/Desktop/hoffman-project/hoffman-backend/vendor/laravel/framework/src/Illuminate/Redis/Connectors/PhpRedisConnector.php(33): Illuminate\\Redis\\Connectors\\PhpRedisConnector->createClient(Array)
#1 /Users/unknwnkate/Desktop/hoffman-project/hoffman-backend/vendor/laravel/framework/src/Illuminate/Redis/Connectors/PhpRedisConnector.php(38): Illuminate\\Redis\\Connectors\\PhpRedisConnector->{closure:Illuminate\\Redis\\Connectors\\PhpRedisConnector::connect():32}()
#2 /Users/unknwnkate/Desktop/hoffman-project/hoffman-backend/vendor/laravel/framework/src/Illuminate/Redis/RedisManager.php(110): Illuminate\\Redis\\Connectors\\PhpRedisConnector->connect(Array, Array)
#3 /Users/unknwnkate/Desktop/hoffman-project/hoffman-backend/vendor/laravel/framework/src/Illuminate/Redis/RedisManager.php(91): Illuminate\\Redis\\RedisManager->resolve('default')
#4 /Users/unknwnkate/Desktop/hoffman-project/hoffman-backend/vendor/laravel/framework/src/Illuminate/Cache/RedisStore.php(357): Illuminate\\Redis\\RedisManager->connection('default')
#5 /Users/unknwnkate/Desktop/hoffman-project/hoffman-backend/vendor/laravel/framework/src/Illuminate/Cache/RedisStore.php(71): Illuminate\\Cache\\RedisStore->connection()
#6 /Users/unknwnkate/Desktop/hoffman-project/hoffman-backend/vendor/laravel/framework/src/Illuminate/Cache/Repository.php(117): Illuminate\\Cache\\RedisStore->get('DUmWg5FRiJojIHE...')
#7 /Users/unknwnkate/Desktop/hoffman-project/hoffman-backend/vendor/laravel/framework/src/Illuminate/Session/CacheBasedSessionHandler.php(64): Illuminate\\Cache\\Repository->get('DUmWg5FRiJojIHE...', '')
#8 /Users/unknwnkate/Desktop/hoffman-project/hoffman-backend/vendor/laravel/framework/src/Illuminate/Session/Store.php(117): Illuminate\\Session\\CacheBasedSessionHandler->read('DUmWg5FRiJojIHE...')
#9 /Users/unknwnkate/Desktop/hoffman-project/hoffman-backend/vendor/laravel/framework/src/Illuminate/Session/Store.php(105): Illuminate\\Session\\Store->readFromHandler()
#10 /Users/unknwnkate/Desktop/hoffman-project/hoffman-backend/vendor/laravel/framework/src/Illuminate/Session/Store.php(89): Illuminate\\Session\\Store->loadSession()
#11 /Users/unknwnkate/Desktop/hoffman-project/hoffman-backend/vendor/laravel/framework/src/Illuminate/Session/Middleware/StartSession.php(147): Illuminate\\Session\\Store->start()
#12 /Users/unknwnkate/Desktop/hoffman-project/hoffman-backend/vendor/laravel/framework/src/Illuminate/Support/helpers.php(399): Illuminate\\Session\\Middleware\\StartSession->{closure:Illuminate\\Session\\Middleware\\StartSession::startSession():144}(Object(Illuminate\\Session\\Store))
#13 /Users/unknwnkate/Desktop/hoffman-project/hoffman-backend/vendor/laravel/framework/src/Illuminate/Session/Middleware/StartSession.php(144): tap(Object(Illuminate\\Session\\Store), Object(Closure))
#14 /Users/unknwnkate/Desktop/hoffman-project/hoffman-backend/vendor/laravel/framework/src/Illuminate/Session/Middleware/StartSession.php(116): Illuminate\\Session\\Middleware\\StartSession->startSession(Object(Illuminate\\Http\\Request), Object(Illuminate\\Session\\Store))
#15 /Users/unknwnkate/Desktop/hoffman-project/hoffman-backend/vendor/laravel/framework/src/Illuminate/Session/Middleware/StartSession.php(64): Illuminate\\Session\\Middleware\\StartSession->handleStatefulRequest(Object(Illuminate\\Http\\Request), Object(Illuminate\\Session\\Store), Object(Closure))
#16 /Users/unknwnkate/Desktop/hoffman-project/hoffman-backend/vendor/laravel/framework/src/Illuminate/Pipeline/Pipeline.php(209): Illuminate\\Session\\Middleware\\StartSession->handle(Object(Illuminate\\Http\\Request), Object(Closure))
#17 /Users/unknwnkate/Desktop/hoffman-project/hoffman-backend/vendor/laravel/framework/src/Illuminate/Cookie/Middleware/AddQueuedCookiesToResponse.php(37): Illuminate\\Pipeline\\Pipeline->{closure:{closure:Illuminate\\Pipeline\\Pipeline::carry():184}:185}(Object(Illuminate\\Http\\Request))
#18 /Users/unknwnkate/Desktop/hoffman-project/hoffman-backend/vendor/laravel/framework/src/Illuminate/Pipeline/Pipeline.php(209): Illuminate\\Cookie\\Middleware\\AddQueuedCookiesToResponse->handle(Object(Illuminate\\Http\\Request), Object(Closure))
#19 /Users/unknwnkate/Desktop/hoffman-project/hoffman-backend/vendor/laravel/framework/src/Illuminate/Cookie/Middleware/EncryptCookies.php(75): Illuminate\\Pipeline\\Pipeline->{closure:{closure:Illuminate\\Pipeline\\Pipeline::carry():184}:185}(Object(Illuminate\\Http\\Request))
#20 /Users/unknwnkate/Desktop/hoffman-project/hoffman-backend/vendor/laravel/framework/src/Illuminate/Pipeline/Pipeline.php(209): Illuminate\\Cookie\\Middleware\\EncryptCookies->handle(Object(Illuminate\\Http\\Request), Object(Closure))
#21 /Users/unknwnkate/Desktop/hoffman-project/hoffman-backend/vendor/laravel/framework/src/Illuminate/Pipeline/Pipeline.php(127): Illuminate\\Pipeline\\Pipeline->{closure:{closure:Illuminate\\Pipeline\\Pipeline::carry():184}:185}(Object(Illuminate\\Http\\Request))
#22 /Users/unknwnkate/Desktop/hoffman-project/hoffman-backend/vendor/laravel/framework/src/Illuminate/Routing/Router.php(807): Illuminate\\Pipeline\\Pipeline->then(Object(Closure))
#23 /Users/unknwnkate/Desktop/hoffman-project/hoffman-backend/vendor/laravel/framework/src/Illuminate/Routing/Router.php(786): Illuminate\\Routing\\Router->runRouteWithinStack(Object(Illuminate\\Routing\\Route), Object(Illuminate\\Http\\Request))
#24 /Users/unknwnkate/Desktop/hoffman-project/hoffman-backend/vendor/laravel/framework/src/Illuminate/Routing/Router.php(750): Illuminate\\Routing\\Router->runRoute(Object(Illuminate\\Http\\Request), Object(Illuminate\\Routing\\Route))
#25 /Users/unknwnkate/Desktop/hoffman-project/hoffman-backend/vendor/laravel/framework/src/Illuminate/Routing/Router.php(739): Illuminate\\Routing\\Router->dispatchToRoute(Object(Illuminate\\Http\\Request))
#26 /Users/unknwnkate/Desktop/hoffman-project/hoffman-backend/vendor/laravel/framework/src/Illuminate/Foundation/Http/Kernel.php(201): Illuminate\\Routing\\Router->dispatch(Object(Illuminate\\Http\\Request))
#27 /Users/unknwnkate/Desktop/hoffman-project/hoffman-backend/vendor/laravel/framework/src/Illuminate/Pipeline/Pipeline.php(170): Illuminate\\Foundation\\Http\\Kernel->{closure:Illuminate\\Foundation\\Http\\Kernel::dispatchToRouter():198}(Object(Illuminate\\Http\\Request))
#28 /Users/unknwnkate/Desktop/hoffman-project/hoffman-backend/vendor/sentry/sentry-laravel/src/Sentry/Laravel/Http/FlushEventsMiddleware.php(13): Illuminate\\Pipeline\\Pipeline->{closure:Illuminate\\Pipeline\\Pipeline::prepareDestination():168}(Object(Illuminate\\Http\\Request))
#29 /Users/unknwnkate/Desktop/hoffman-project/hoffman-backend/vendor/laravel/framework/src/Illuminate/Pipeline/Pipeline.php(209): Sentry\\Laravel\\Http\\FlushEventsMiddleware->handle(Object(Illuminate\\Http\\Request), Object(Closure))
#30 /Users/unknwnkate/Desktop/hoffman-project/hoffman-backend/vendor/sentry/sentry-laravel/src/Sentry/Laravel/Http/SetRequestIpMiddleware.php(45): Illuminate\\Pipeline\\Pipeline->{closure:{closure:Illuminate\\Pipeline\\Pipeline::carry():184}:185}(Object(Illuminate\\Http\\Request))
#31 /Users/unknwnkate/Desktop/hoffman-project/hoffman-backend/vendor/laravel/framework/src/Illuminate/Pipeline/Pipeline.php(209): Sentry\\Laravel\\Http\\SetRequestIpMiddleware->handle(Object(Illuminate\\Http\\Request), Object(Closure))
#32 /Users/unknwnkate/Desktop/hoffman-project/hoffman-backend/vendor/sentry/sentry-laravel/src/Sentry/Laravel/Http/SetRequestMiddleware.php(31): Illuminate\\Pipeline\\Pipeline->{closure:{closure:Illuminate\\Pipeline\\Pipeline::carry():184}:185}(Object(Illuminate\\Http\\Request))
#33 /Users/unknwnkate/Desktop/hoffman-project/hoffman-backend/vendor/laravel/framework/src/Illuminate/Pipeline/Pipeline.php(209): Sentry\\Laravel\\Http\\SetRequestMiddleware->handle(Object(Illuminate\\Http\\Request), Object(Closure))
#34 /Users/unknwnkate/Desktop/hoffman-project/hoffman-backend/app/Http/Middleware/SentryContext.php(23): Illuminate\\Pipeline\\Pipeline->{closure:{closure:Illuminate\\Pipeline\\Pipeline::carry():184}:185}(Object(Illuminate\\Http\\Request))
#35 /Users/unknwnkate/Desktop/hoffman-project/hoffman-backend/vendor/laravel/framework/src/Illuminate/Pipeline/Pipeline.php(209): App\\Http\\Middleware\\SentryContext->handle(Object(Illuminate\\Http\\Request), Object(Closure))
#36 /Users/unknwnkate/Desktop/hoffman-project/hoffman-backend/vendor/laravel/framework/src/Illuminate/Foundation/Http/Middleware/TransformsRequest.php(21): Illuminate\\Pipeline\\Pipeline->{closure:{closure:Illuminate\\Pipeline\\Pipeline::carry():184}:185}(Object(Illuminate\\Http\\Request))
#37 /Users/unknwnkate/Desktop/hoffman-project/hoffman-backend/vendor/laravel/framework/src/Illuminate/Foundation/Http/Middleware/ConvertEmptyStringsToNull.php(31): Illuminate\\Foundation\\Http\\Middleware\\TransformsRequest->handle(Object(Illuminate\\Http\\Request), Object(Closure))
#38 /Users/unknwnkate/Desktop/hoffman-project/hoffman-backend/vendor/laravel/framework/src/Illuminate/Pipeline/Pipeline.php(209): Illuminate\\Foundation\\Http\\Middleware\\ConvertEmptyStringsToNull->handle(Object(Illuminate\\Http\\Request), Object(Closure))
#39 /Users/unknwnkate/Desktop/hoffman-project/hoffman-backend/vendor/laravel/framework/src/Illuminate/Foundation/Http/Middleware/TransformsRequest.php(21): Illuminate\\Pipeline\\Pipeline->{closure:{closure:Illuminate\\Pipeline\\Pipeline::carry():184}:185}(Object(Illuminate\\Http\\Request))
#40 /Users/unknwnkate/Desktop/hoffman-project/hoffman-backend/vendor/laravel/framework/src/Illuminate/Foundation/Http/Middleware/TrimStrings.php(51): Illuminate\\Foundation\\Http\\Middleware\\TransformsRequest->handle(Object(Illuminate\\Http\\Request), Object(Closure))
#41 /Users/unknwnkate/Desktop/hoffman-project/hoffman-backend/vendor/laravel/framework/src/Illuminate/Pipeline/Pipeline.php(209): Illuminate\\Foundation\\Http\\Middleware\\TrimStrings->handle(Object(Illuminate\\Http\\Request), Object(Closure))
#42 /Users/unknwnkate/Desktop/hoffman-project/hoffman-backend/vendor/laravel/framework/src/Illuminate/Http/Middleware/ValidatePostSize.php(27): Illuminate\\Pipeline\\Pipeline->{closure:{closure:Illuminate\\Pipeline\\Pipeline::carry():184}:185}(Object(Illuminate\\Http\\Request))
#43 /Users/unknwnkate/Desktop/hoffman-project/hoffman-backend/vendor/laravel/framework/src/Illuminate/Pipeline/Pipeline.php(209): Illuminate\\Http\\Middleware\\ValidatePostSize->handle(Object(Illuminate\\Http\\Request), Object(Closure))
#44 /Users/unknwnkate/Desktop/hoffman-project/hoffman-backend/vendor/laravel/framework/src/Illuminate/Foundation/Http/Middleware/PreventRequestsDuringMaintenance.php(110): Illuminate\\Pipeline\\Pipeline->{closure:{closure:Illuminate\\Pipeline\\Pipeline::carry():184}:185}(Object(Illuminate\\Http\\Request))
#45 /Users/unknwnkate/Desktop/hoffman-project/hoffman-backend/vendor/laravel/framework/src/Illuminate/Pipeline/Pipeline.php(209): Illuminate\\Foundation\\Http\\Middleware\\PreventRequestsDuringMaintenance->handle(Object(Illuminate\\Http\\Request), Object(Closure))
#46 /Users/unknwnkate/Desktop/hoffman-project/hoffman-backend/vendor/laravel/framework/src/Illuminate/Http/Middleware/HandleCors.php(49): Illuminate\\Pipeline\\Pipeline->{closure:{closure:Illuminate\\Pipeline\\Pipeline::carry():184}:185}(Object(Illuminate\\Http\\Request))
#47 /Users/unknwnkate/Desktop/hoffman-project/hoffman-backend/vendor/laravel/framework/src/Illuminate/Pipeline/Pipeline.php(209): Illuminate\\Http\\Middleware\\HandleCors->handle(Object(Illuminate\\Http\\Request), Object(Closure))
#48 /Users/unknwnkate/Desktop/hoffman-project/hoffman-backend/vendor/laravel/framework/src/Illuminate/Http/Middleware/TrustProxies.php(58): Illuminate\\Pipeline\\Pipeline->{closure:{closure:Illuminate\\Pipeline\\Pipeline::carry():184}:185}(Object(Illuminate\\Http\\Request))
#49 /Users/unknwnkate/Desktop/hoffman-project/hoffman-backend/vendor/laravel/framework/src/Illuminate/Pipeline/Pipeline.php(209): Illuminate\\Http\\Middleware\\TrustProxies->handle(Object(Illuminate\\Http\\Request), Object(Closure))
#50 /Users/unknwnkate/Desktop/hoffman-project/hoffman-backend/vendor/laravel/framework/src/Illuminate/Foundation/Http/Middleware/InvokeDeferredCallbacks.php(22): Illuminate\\Pipeline\\Pipeline->{closure:{closure:Illuminate\\Pipeline\\Pipeline::carry():184}:185}(Object(Illuminate\\Http\\Request))
#51 /Users/unknwnkate/Desktop/hoffman-project/hoffman-backend/vendor/laravel/framework/src/Illuminate/Pipeline/Pipeline.php(209): Illuminate\\Foundation\\Http\\Middleware\\InvokeDeferredCallbacks->handle(Object(Illuminate\\Http\\Request), Object(Closure))
#52 /Users/unknwnkate/Desktop/hoffman-project/hoffman-backend/vendor/sentry/sentry-laravel/src/Sentry/Laravel/Tracing/Middleware.php(79): Illuminate\\Pipeline\\Pipeline->{closure:{closure:Illuminate\\Pipeline\\Pipeline::carry():184}:185}(Object(Illuminate\\Http\\Request))
#53 /Users/unknwnkate/Desktop/hoffman-project/hoffman-backend/vendor/laravel/framework/src/Illuminate/Pipeline/Pipeline.php(209): Sentry\\Laravel\\Tracing\\Middleware->handle(Object(Illuminate\\Http\\Request), Object(Closure))
#54 /Users/unknwnkate/Desktop/hoffman-project/hoffman-backend/vendor/laravel/framework/src/Illuminate/Pipeline/Pipeline.php(127): Illuminate\\Pipeline\\Pipeline->{closure:{closure:Illuminate\\Pipeline\\Pipeline::carry():184}:185}(Object(Illuminate\\Http\\Request))
#55 /Users/unknwnkate/Desktop/hoffman-project/hoffman-backend/vendor/laravel/framework/src/Illuminate/Foundation/Http/Kernel.php(176): Illuminate\\Pipeline\\Pipeline->then(Object(Closure))
#56 /Users/unknwnkate/Desktop/hoffman-project/hoffman-backend/vendor/laravel/framework/src/Illuminate/Foundation/Http/Kernel.php(145): Illuminate\\Foundation\\Http\\Kernel->sendRequestThroughRouter(Object(Illuminate\\Http\\Request))
#57 /Users/unknwnkate/Desktop/hoffman-project/hoffman-backend/vendor/laravel/framework/src/Illuminate/Foundation/Application.php(1220): Illuminate\\Foundation\\Http\\Kernel->handle(Object(Illuminate\\Http\\Request))
#58 /Users/unknwnkate/Desktop/hoffman-project/hoffman-backend/public/index.php(17): Illuminate\\Foundation\\Application->handleRequest(Object(Illuminate\\Http\\Request))
#59 /Users/unknwnkate/Desktop/hoffman-project/hoffman-backend/vendor/laravel/framework/src/Illuminate/Foundation/resources/server.php(23): require_once('/Users/unknwnka...')
#60 {main}
"} 
[2026-09-07 12:15:20] local.ERROR: Class "Redis" not found {"exception":"[object] (Error(code: 0): Class \"Redis\" not found at /Users/unknwnkate/Desktop/hoffman-project/hoffman-backend/vendor/laravel/framework/src/Illuminate/Redis/Connectors/PhpRedisConnector.php:79)
[stacktrace]
#0 /Users/unknwnkate/Desktop/hoffman-project/hoffman-backend/vendor/laravel/framework/src/Illuminate/Redis/Connectors/PhpRedisConnector.php(33): Illuminate\\Redis\\Connectors\\PhpRedisConnector->createClient(Array)
#1 /Users/unknwnkate/Desktop/hoffman-project/hoffman-backend/vendor/laravel/framework/src/Illuminate/Redis/Connectors/PhpRedisConnector.php(38): Illuminate\\Redis\\Connectors\\PhpRedisConnector->{closure:Illuminate\\Redis\\Connectors\\PhpRedisConnector::connect():32}()
#2 /Users/unknwnkate/Desktop/hoffman-project/hoffman-backend/vendor/laravel/framework/src/Illuminate/Redis/RedisManager.php(110): Illuminate\\Redis\\Connectors\\PhpRedisConnector->connect(Array, Array)
#3 /Users/unknwnkate/Desktop/hoffman-project/hoffman-backend/vendor/laravel/framework/src/Illuminate/Redis/RedisManager.php(91): Illuminate\\Redis\\RedisManager->resolve('default')
#4 /Users/unknwnkate/Desktop/hoffman-project/hoffman-backend/vendor/laravel/framework/src/Illuminate/Cache/RedisStore.php(357): Illuminate\\Redis\\RedisManager->connection('default')
#5 /Users/unknwnkate/Desktop/hoffman-project/hoffman-backend/vendor/laravel/framework/src/Illuminate/Cache/RedisStore.php(71): Illuminate\\Cache\\RedisStore->connection()
#6 /Users/unknwnkate/Desktop/hoffman-project/hoffman-backend/vendor/laravel/framework/src/Illuminate/Cache/Repository.php(117): Illuminate\\Cache\\RedisStore->get('P7Fj46OUfI6REgg...')
#7 /Users/unknwnkate/Desktop/hoffman-project/hoffman-backend/vendor/laravel/framework/src/Illuminate/Session/CacheBasedSessionHandler.php(64): Illuminate\\Cache\\Repository->get('P7Fj46OUfI6REgg...', '')
#8 /Users/unknwnkate/Desktop/hoffman-project/hoffman-backend/vendor/laravel/framework/src/Illuminate/Session/Store.php(117): Illuminate\\Session\\CacheBasedSessionHandler->read('P7Fj46OUfI6REgg...')
#9 /Users/unknwnkate/Desktop/hoffman-project/hoffman-backend/vendor/laravel/framework/src/Illuminate/Session/Store.php(105): Illuminate\\Session\\Store->readFromHandler()
#10 /Users/unknwnkate/Desktop/hoffman-project/hoffman-backend/vendor/laravel/framework/src/Illuminate/Session/Store.php(89): Illuminate\\Session\\Store->loadSession()
#11 /Users/unknwnkate/Desktop/hoffman-project/hoffman-backend/vendor/laravel/framework/src/Illuminate/Session/Middleware/StartSession.php(147): Illuminate\\Session\\Store->start()
#12 /Users/unknwnkate/Desktop/hoffman-project/hoffman-backend/vendor/laravel/framework/src/Illuminate/Support/helpers.php(399): Illuminate\\Session\\Middleware\\StartSession->{closure:Illuminate\\Session\\Middleware\\StartSession::startSession():144}(Object(Illuminate\\Session\\Store))
#13 /Users/unknwnkate/Desktop/hoffman-project/hoffman-backend/vendor/laravel/framework/src/Illuminate/Session/Middleware/StartSession.php(144): tap(Object(Illuminate\\Session\\Store), Object(Closure))
#14 /Users/unknwnkate/Desktop/hoffman-project/hoffman-backend/vendor/laravel/framework/src/Illuminate/Session/Middleware/StartSession.php(116): Illuminate\\Session\\Middleware\\StartSession->startSession(Object(Illuminate\\Http\\Request), Object(Illuminate\\Session\\Store))
#15 /Users/unknwnkate/Desktop/hoffman-project/hoffman-backend/vendor/laravel/framework/src/Illuminate/Session/Middleware/StartSession.php(64): Illuminate\\Session\\Middleware\\StartSession->handleStatefulRequest(Object(Illuminate\\Http\\Request), Object(Illuminate\\Session\\Store), Object(Closure))
#16 /Users/unknwnkate/Desktop/hoffman-project/hoffman-backend/vendor/laravel/framework/src/Illuminate/Pipeline/Pipeline.php(209): Illuminate\\Session\\Middleware\\StartSession->handle(Object(Illuminate\\Http\\Request), Object(Closure))
#17 /Users/unknwnkate/Desktop/hoffman-project/hoffman-backend/vendor/laravel/framework/src/Illuminate/Cookie/Middleware/AddQueuedCookiesToResponse.php(37): Illuminate\\Pipeline\\Pipeline->{closure:{closure:Illuminate\\Pipeline\\Pipeline::carry():184}:185}(Object(Illuminate\\Http\\Request))
#18 /Users/unknwnkate/Desktop/hoffman-project/hoffman-backend/vendor/laravel/framework/src/Illuminate/Pipeline/Pipeline.php(209): Illuminate\\Cookie\\Middleware\\AddQueuedCookiesToResponse->handle(Object(Illuminate\\Http\\Request), Object(Closure))
#19 /Users/unknwnkate/Desktop/hoffman-project/hoffman-backend/vendor/laravel/framework/src/Illuminate/Cookie/Middleware/EncryptCookies.php(75): Illuminate\\Pipeline\\Pipeline->{closure:{closure:Illuminate\\Pipeline\\Pipeline::carry():184}:185}(Object(Illuminate\\Http\\Request))
#20 /Users/unknwnkate/Desktop/hoffman-project/hoffman-backend/vendor/laravel/framework/src/Illuminate/Pipeline/Pipeline.php(209): Illuminate\\Cookie\\Middleware\\EncryptCookies->handle(Object(Illuminate\\Http\\Request), Object(Closure))
#21 /Users/unknwnkate/Desktop/hoffman-project/hoffman-backend/vendor/laravel/framework/src/Illuminate/Pipeline/Pipeline.php(127): Illuminate\\Pipeline\\Pipeline->{closure:{closure:Illuminate\\Pipeline\\Pipeline::carry():184}:185}(Object(Illuminate\\Http\\Request))
#22 /Users/unknwnkate/Desktop/hoffman-project/hoffman-backend/vendor/laravel/framework/src/Illuminate/Routing/Router.php(807): Illuminate\\Pipeline\\Pipeline->then(Object(Closure))
#23 /Users/unknwnkate/Desktop/hoffman-project/hoffman-backend/vendor/laravel/framework/src/Illuminate/Routing/Router.php(786): Illuminate\\Routing\\Router->runRouteWithinStack(Object(Illuminate\\Routing\\Route), Object(Illuminate\\Http\\Request))
#24 /Users/unknwnkate/Desktop/hoffman-project/hoffman-backend/vendor/laravel/framework/src/Illuminate/Routing/Router.php(750): Illuminate\\Routing\\Router->runRoute(Object(Illuminate\\Http\\Request), Object(Illuminate\\Routing\\Route))
#25 /Users/unknwnkate/Desktop/hoffman-project/hoffman-backend/vendor/laravel/framework/src/Illuminate/Routing/Router.php(739): Illuminate\\Routing\\Router->dispatchToRoute(Object(Illuminate\\Http\\Request))
#26 /Users/unknwnkate/Desktop/hoffman-project/hoffman-backend/vendor/laravel/framework/src/Illuminate/Foundation/Http/Kernel.php(201): Illuminate\\Routing\\Router->dispatch(Object(Illuminate\\Http\\Request))
#27 /Users/unknwnkate/Desktop/hoffman-project/hoffman-backend/vendor/laravel/framework/src/Illuminate/Pipeline/Pipeline.php(170): Illuminate\\Foundation\\Http\\Kernel->{closure:Illuminate\\Foundation\\Http\\Kernel::dispatchToRouter():198}(Object(Illuminate\\Http\\Request))
#28 /Users/unknwnkate/Desktop/hoffman-project/hoffman-backend/vendor/sentry/sentry-laravel/src/Sentry/Laravel/Http/FlushEventsMiddleware.php(13): Illuminate\\Pipeline\\Pipeline->{closure:Illuminate\\Pipeline\\Pipeline::prepareDestination():168}(Object(Illuminate\\Http\\Request))
#29 /Users/unknwnkate/Desktop/hoffman-project/hoffman-backend/vendor/laravel/framework/src/Illuminate/Pipeline/Pipeline.php(209): Sentry\\Laravel\\Http\\FlushEventsMiddleware->handle(Object(Illuminate\\Http\\Request), Object(Closure))
#30 /Users/unknwnkate/Desktop/hoffman-project/hoffman-backend/vendor/sentry/sentry-laravel/src/Sentry/Laravel/Http/SetRequestIpMiddleware.php(45): Illuminate\\Pipeline\\Pipeline->{closure:{closure:Illuminate\\Pipeline\\Pipeline::carry():184}:185}(Object(Illuminate\\Http\\Request))
#31 /Users/unknwnkate/Desktop/hoffman-project/hoffman-backend/vendor/laravel/framework/src/Illuminate/Pipeline/Pipeline.php(209): Sentry\\Laravel\\Http\\SetRequestIpMiddleware->handle(Object(Illuminate\\Http\\Request), Object(Closure))
#32 /Users/unknwnkate/Desktop/hoffman-project/hoffman-backend/vendor/sentry/sentry-laravel/src/Sentry/Laravel/Http/SetRequestMiddleware.php(31): Illuminate\\Pipeline\\Pipeline->{closure:{closure:Illuminate\\Pipeline\\Pipeline::carry():184}:185}(Object(Illuminate\\Http\\Request))
#33 /Users/unknwnkate/Desktop/hoffman-project/hoffman-backend/vendor/laravel/framework/src/Illuminate/Pipeline/Pipeline.php(209): Sentry\\Laravel\\Http\\SetRequestMiddleware->handle(Object(Illuminate\\Http\\Request), Object(Closure))
#34 /Users/unknwnkate/Desktop/hoffman-project/hoffman-backend/app/Http/Middleware/SentryContext.php(23): Illuminate\\Pipeline\\Pipeline->{closure:{closure:Illuminate\\Pipeline\\Pipeline::carry():184}:185}(Object(Illuminate\\Http\\Request))
#35 /Users/unknwnkate/Desktop/hoffman-project/hoffman-backend/vendor/laravel/framework/src/Illuminate/Pipeline/Pipeline.php(209): App\\Http\\Middleware\\SentryContext->handle(Object(Illuminate\\Http\\Request), Object(Closure))
#36 /Users/unknwnkate/Desktop/hoffman-project/hoffman-backend/vendor/laravel/framework/src/Illuminate/Foundation/Http/Middleware/TransformsRequest.php(21): Illuminate\\Pipeline\\Pipeline->{closure:{closure:Illuminate\\Pipeline\\Pipeline::carry():184}:185}(Object(Illuminate\\Http\\Request))
#37 /Users/unknwnkate/Desktop/hoffman-project/hoffman-backend/vendor/laravel/framework/src/Illuminate/Foundation/Http/Middleware/ConvertEmptyStringsToNull.php(31): Illuminate\\Foundation\\Http\\Middleware\\TransformsRequest->handle(Object(Illuminate\\Http\\Request), Object(Closure))
#38 /Users/unknwnkate/Desktop/hoffman-project/hoffman-backend/vendor/laravel/framework/src/Illuminate/Pipeline/Pipeline.php(209): Illuminate\\Foundation\\Http\\Middleware\\ConvertEmptyStringsToNull->handle(Object(Illuminate\\Http\\Request), Object(Closure))
#39 /Users/unknwnkate/Desktop/hoffman-project/hoffman-backend/vendor/laravel/framework/src/Illuminate/Foundation/Http/Middleware/TransformsRequest.php(21): Illuminate\\Pipeline\\Pipeline->{closure:{closure:Illuminate\\Pipeline\\Pipeline::carry():184}:185}(Object(Illuminate\\Http\\Request))
#40 /Users/unknwnkate/Desktop/hoffman-project/hoffman-backend/vendor/laravel/framework/src/Illuminate/Foundation/Http/Middleware/TrimStrings.php(51): Illuminate\\Foundation\\Http\\Middleware\\TransformsRequest->handle(Object(Illuminate\\Http\\Request), Object(Closure))
#41 /Users/unknwnkate/Desktop/hoffman-project/hoffman-backend/vendor/laravel/framework/src/Illuminate/Pipeline/Pipeline.php(209): Illuminate\\Foundation\\Http\\Middleware\\TrimStrings->handle(Object(Illuminate\\Http\\Request), Object(Closure))
#42 /Users/unknwnkate/Desktop/hoffman-project/hoffman-backend/vendor/laravel/framework/src/Illuminate/Http/Middleware/ValidatePostSize.php(27): Illuminate\\Pipeline\\Pipeline->{closure:{closure:Illuminate\\Pipeline\\Pipeline::carry():184}:185}(Object(Illuminate\\Http\\Request))
#43 /Users/unknwnkate/Desktop/hoffman-project/hoffman-backend/vendor/laravel/framework/src/Illuminate/Pipeline/Pipeline.php(209): Illuminate\\Http\\Middleware\\ValidatePostSize->handle(Object(Illuminate\\Http\\Request), Object(Closure))
#44 /Users/unknwnkate/Desktop/hoffman-project/hoffman-backend/vendor/laravel/framework/src/Illuminate/Foundation/Http/Middleware/PreventRequestsDuringMaintenance.php(110): Illuminate\\Pipeline\\Pipeline->{closure:{closure:Illuminate\\Pipeline\\Pipeline::carry():184}:185}(Object(Illuminate\\Http\\Request))
#45 /Users/unknwnkate/Desktop/hoffman-project/hoffman-backend/vendor/laravel/framework/src/Illuminate/Pipeline/Pipeline.php(209): Illuminate\\Foundation\\Http\\Middleware\\PreventRequestsDuringMaintenance->handle(Object(Illuminate\\Http\\Request), Object(Closure))
#46 /Users/unknwnkate/Desktop/hoffman-project/hoffman-backend/vendor/laravel/framework/src/Illuminate/Http/Middleware/HandleCors.php(49): Illuminate\\Pipeline\\Pipeline->{closure:{closure:Illuminate\\Pipeline\\Pipeline::carry():184}:185}(Object(Illuminate\\Http\\Request))
#47 /Users/unknwnkate/Desktop/hoffman-project/hoffman-backend/vendor/laravel/framework/src/Illuminate/Pipeline/Pipeline.php(209): Illuminate\\Http\\Middleware\\HandleCors->handle(Object(Illuminate\\Http\\Request), Object(Closure))
#48 /Users/unknwnkate/Desktop/hoffman-project/hoffman-backend/vendor/laravel/framework/src/Illuminate/Http/Middleware/TrustProxies.php(58): Illuminate\\Pipeline\\Pipeline->{closure:{closure:Illuminate\\Pipeline\\Pipeline::carry():184}:185}(Object(Illuminate\\Http\\Request))
#49 /Users/unknwnkate/Desktop/hoffman-project/hoffman-backend/vendor/laravel/framework/src/Illuminate/Pipeline/Pipeline.php(209): Illuminate\\Http\\Middleware\\TrustProxies->handle(Object(Illuminate\\Http\\Request), Object(Closure))
#50 /Users/unknwnkate/Desktop/hoffman-project/hoffman-backend/vendor/laravel/framework/src/Illuminate/Foundation/Http/Middleware/InvokeDeferredCallbacks.php(22): Illuminate\\Pipeline\\Pipeline->{closure:{closure:Illuminate\\Pipeline\\Pipeline::carry():184}:185}(Object(Illuminate\\Http\\Request))
#51 /Users/unknwnkate/Desktop/hoffman-project/hoffman-backend/vendor/laravel/framework/src/Illuminate/Pipeline/Pipeline.php(209): Illuminate\\Foundation\\Http\\Middleware\\InvokeDeferredCallbacks->handle(Object(Illuminate\\Http\\Request), Object(Closure))
#52 /Users/unknwnkate/Desktop/hoffman-project/hoffman-backend/vendor/sentry/sentry-laravel/src/Sentry/Laravel/Tracing/Middleware.php(79): Illuminate\\Pipeline\\Pipeline->{closure:{closure:Illuminate\\Pipeline\\Pipeline::carry():184}:185}(Object(Illuminate\\Http\\Request))
#53 /Users/unknwnkate/Desktop/hoffman-project/hoffman-backend/vendor/laravel/framework/src/Illuminate/Pipeline/Pipeline.php(209): Sentry\\Laravel\\Tracing\\Middleware->handle(Object(Illuminate\\Http\\Request), Object(Closure))
#54 /Users/unknwnkate/Desktop/hoffman-project/hoffman-backend/vendor/laravel/framework/src/Illuminate/Pipeline/Pipeline.php(127): Illuminate\\Pipeline\\Pipeline->{closure:{closure:Illuminate\\Pipeline\\Pipeline::carry():184}:185}(Object(Illuminate\\Http\\Request))
#55 /Users/unknwnkate/Desktop/hoffman-project/hoffman-backend/vendor/laravel/framework/src/Illuminate/Foundation/Http/Kernel.php(176): Illuminate\\Pipeline\\Pipeline->then(Object(Closure))
#56 /Users/unknwnkate/Desktop/hoffman-project/hoffman-backend/vendor/laravel/framework/src/Illuminate/Foundation/Http/Kernel.php(145): Illuminate\\Foundation\\Http\\Kernel->sendRequestThroughRouter(Object(Illuminate\\Http\\Request))
#57 /Users/unknwnkate/Desktop/hoffman-project/hoffman-backend/vendor/laravel/framework/src/Illuminate/Foundation/Application.php(1220): Illuminate\\Foundation\\Http\\Kernel->handle(Object(Illuminate\\Http\\Request))
#58 /Users/unknwnkate/Desktop/hoffman-project/hoffman-backend/public/index.php(17): Illuminate\\Foundation\\Application->handleRequest(Object(Illuminate\\Http\\Request))
#59 /Users/unknwnkate/Desktop/hoffman-project/hoffman-backend/vendor/laravel/framework/src/Illuminate/Foundation/resources/server.php(23): require_once('/Users/unknwnka...')
#60 {main}
"} 
[2026-09-07 12:28:13] local.ERROR: Sentry test exception from /debug-sentry. {"exception":"[object] (RuntimeException(code: 0): Sentry test exception from /debug-sentry. at /Users/unknwnkate/Desktop/hoffman-project/hoffman-backend/routes/web.php:11)
[stacktrace]
#0 /Users/unknwnkate/Desktop/hoffman-project/hoffman-backend/vendor/laravel/framework/src/Illuminate/Routing/CallableDispatcher.php(40): Illuminate\\Routing\\RouteFileRegistrar->{closure:/Users/unknwnkate/Desktop/hoffman-project/hoffman-backend/routes/web.php:10}()
#1 /Users/unknwnkate/Desktop/hoffman-project/hoffman-backend/vendor/sentry/sentry-laravel/src/Sentry/Laravel/Tracing/Routing/TracingCallableDispatcherTracing.php(21): Illuminate\\Routing\\CallableDispatcher->dispatch(Object(Illuminate\\Routing\\Route), Object(Closure))
#2 /Users/unknwnkate/Desktop/hoffman-project/hoffman-backend/vendor/sentry/sentry-laravel/src/Sentry/Laravel/Tracing/Routing/TracingRoutingDispatcher.php(35): Sentry\\Laravel\\Tracing\\Routing\\TracingCallableDispatcherTracing->{closure:Sentry\\Laravel\\Tracing\\Routing\\TracingCallableDispatcherTracing::dispatch():20}()
#3 /Users/unknwnkate/Desktop/hoffman-project/hoffman-backend/vendor/sentry/sentry-laravel/src/Sentry/Laravel/Tracing/Routing/TracingCallableDispatcherTracing.php(20): Sentry\\Laravel\\Tracing\\Routing\\TracingRoutingDispatcher->wrapRouteDispatch(Object(Closure), Object(Illuminate\\Routing\\Route))
#4 /Users/unknwnkate/Desktop/hoffman-project/hoffman-backend/vendor/laravel/framework/src/Illuminate/Routing/Route.php(244): Sentry\\Laravel\\Tracing\\Routing\\TracingCallableDispatcherTracing->dispatch(Object(Illuminate\\Routing\\Route), Object(Closure))
#5 /Users/unknwnkate/Desktop/hoffman-project/hoffman-backend/vendor/laravel/framework/src/Illuminate/Routing/Route.php(215): Illuminate\\Routing\\Route->runCallable()
#6 /Users/unknwnkate/Desktop/hoffman-project/hoffman-backend/vendor/laravel/framework/src/Illuminate/Routing/Router.php(808): Illuminate\\Routing\\Route->run()
#7 /Users/unknwnkate/Desktop/hoffman-project/hoffman-backend/vendor/laravel/framework/src/Illuminate/Pipeline/Pipeline.php(170): Illuminate\\Routing\\Router->{closure:Illuminate\\Routing\\Router::runRouteWithinStack():807}(Object(Illuminate\\Http\\Request))
#8 /Users/unknwnkate/Desktop/hoffman-project/hoffman-backend/vendor/laravel/framework/src/Illuminate/Routing/Middleware/SubstituteBindings.php(51): Illuminate\\Pipeline\\Pipeline->{closure:Illuminate\\Pipeline\\Pipeline::prepareDestination():168}(Object(Illuminate\\Http\\Request))
#9 /Users/unknwnkate/Desktop/hoffman-project/hoffman-backend/vendor/laravel/framework/src/Illuminate/Pipeline/Pipeline.php(209): Illuminate\\Routing\\Middleware\\SubstituteBindings->handle(Object(Illuminate\\Http\\Request), Object(Closure))
#10 /Users/unknwnkate/Desktop/hoffman-project/hoffman-backend/vendor/laravel/framework/src/Illuminate/Foundation/Http/Middleware/VerifyCsrfToken.php(88): Illuminate\\Pipeline\\Pipeline->{closure:{closure:Illuminate\\Pipeline\\Pipeline::carry():184}:185}(Object(Illuminate\\Http\\Request))
#11 /Users/unknwnkate/Desktop/hoffman-project/hoffman-backend/vendor/laravel/framework/src/Illuminate/Pipeline/Pipeline.php(209): Illuminate\\Foundation\\Http\\Middleware\\VerifyCsrfToken->handle(Object(Illuminate\\Http\\Request), Object(Closure))
#12 /Users/unknwnkate/Desktop/hoffman-project/hoffman-backend/vendor/laravel/framework/src/Illuminate/View/Middleware/ShareErrorsFromSession.php(49): Illuminate\\Pipeline\\Pipeline->{closure:{closure:Illuminate\\Pipeline\\Pipeline::carry():184}:185}(Object(Illuminate\\Http\\Request))
#13 /Users/unknwnkate/Desktop/hoffman-project/hoffman-backend/vendor/laravel/framework/src/Illuminate/Pipeline/Pipeline.php(209): Illuminate\\View\\Middleware\\ShareErrorsFromSession->handle(Object(Illuminate\\Http\\Request), Object(Closure))
#14 /Users/unknwnkate/Desktop/hoffman-project/hoffman-backend/vendor/laravel/framework/src/Illuminate/Session/Middleware/StartSession.php(121): Illuminate\\Pipeline\\Pipeline->{closure:{closure:Illuminate\\Pipeline\\Pipeline::carry():184}:185}(Object(Illuminate\\Http\\Request))
#15 /Users/unknwnkate/Desktop/hoffman-project/hoffman-backend/vendor/laravel/framework/src/Illuminate/Session/Middleware/StartSession.php(64): Illuminate\\Session\\Middleware\\StartSession->handleStatefulRequest(Object(Illuminate\\Http\\Request), Object(Illuminate\\Session\\Store), Object(Closure))
#16 /Users/unknwnkate/Desktop/hoffman-project/hoffman-backend/vendor/laravel/framework/src/Illuminate/Pipeline/Pipeline.php(209): Illuminate\\Session\\Middleware\\StartSession->handle(Object(Illuminate\\Http\\Request), Object(Closure))
#17 /Users/unknwnkate/Desktop/hoffman-project/hoffman-backend/vendor/laravel/framework/src/Illuminate/Cookie/Middleware/AddQueuedCookiesToResponse.php(37): Illuminate\\Pipeline\\Pipeline->{closure:{closure:Illuminate\\Pipeline\\Pipeline::carry():184}:185}(Object(Illuminate\\Http\\Request))
#18 /Users/unknwnkate/Desktop/hoffman-project/hoffman-backend/vendor/laravel/framework/src/Illuminate/Pipeline/Pipeline.php(209): Illuminate\\Cookie\\Middleware\\AddQueuedCookiesToResponse->handle(Object(Illuminate\\Http\\Request), Object(Closure))
#19 /Users/unknwnkate/Desktop/hoffman-project/hoffman-backend/vendor/laravel/framework/src/Illuminate/Cookie/Middleware/EncryptCookies.php(75): Illuminate\\Pipeline\\Pipeline->{closure:{closure:Illuminate\\Pipeline\\Pipeline::carry():184}:185}(Object(Illuminate\\Http\\Request))
#20 /Users/unknwnkate/Desktop/hoffman-project/hoffman-backend/vendor/laravel/framework/src/Illuminate/Pipeline/Pipeline.php(209): Illuminate\\Cookie\\Middleware\\EncryptCookies->handle(Object(Illuminate\\Http\\Request), Object(Closure))
#21 /Users/unknwnkate/Desktop/hoffman-project/hoffman-backend/vendor/laravel/framework/src/Illuminate/Pipeline/Pipeline.php(127): Illuminate\\Pipeline\\Pipeline->{closure:{closure:Illuminate\\Pipeline\\Pipeline::carry():184}:185}(Object(Illuminate\\Http\\Request))
#22 /Users/unknwnkate/Desktop/hoffman-project/hoffman-backend/vendor/laravel/framework/src/Illuminate/Routing/Router.php(807): Illuminate\\Pipeline\\Pipeline->then(Object(Closure))
#23 /Users/unknwnkate/Desktop/hoffman-project/hoffman-backend/vendor/laravel/framework/src/Illuminate/Routing/Router.php(786): Illuminate\\Routing\\Router->runRouteWithinStack(Object(Illuminate\\Routing\\Route), Object(Illuminate\\Http\\Request))
#24 /Users/unknwnkate/Desktop/hoffman-project/hoffman-backend/vendor/laravel/framework/src/Illuminate/Routing/Router.php(750): Illuminate\\Routing\\Router->runRoute(Object(Illuminate\\Http\\Request), Object(Illuminate\\Routing\\Route))
#25 /Users/unknwnkate/Desktop/hoffman-project/hoffman-backend/vendor/laravel/framework/src/Illuminate/Routing/Router.php(739): Illuminate\\Routing\\Router->dispatchToRoute(Object(Illuminate\\Http\\Request))
#26 /Users/unknwnkate/Desktop/hoffman-project/hoffman-backend/vendor/laravel/framework/src/Illuminate/Foundation/Http/Kernel.php(201): Illuminate\\Routing\\Router->dispatch(Object(Illuminate\\Http\\Request))
#27 /Users/unknwnkate/Desktop/hoffman-project/hoffman-backend/vendor/laravel/framework/src/Illuminate/Pipeline/Pipeline.php(170): Illuminate\\Foundation\\Http\\Kernel->{closure:Illuminate\\Foundation\\Http\\Kernel::dispatchToRouter():198}(Object(Illuminate\\Http\\Request))
#28 /Users/unknwnkate/Desktop/hoffman-project/hoffman-backend/vendor/sentry/sentry-laravel/src/Sentry/Laravel/Http/FlushEventsMiddleware.php(13): Illuminate\\Pipeline\\Pipeline->{closure:Illuminate\\Pipeline\\Pipeline::prepareDestination():168}(Object(Illuminate\\Http\\Request))
#29 /Users/unknwnkate/Desktop/hoffman-project/hoffman-backend/vendor/laravel/framework/src/Illuminate/Pipeline/Pipeline.php(209): Sentry\\Laravel\\Http\\FlushEventsMiddleware->handle(Object(Illuminate\\Http\\Request), Object(Closure))
#30 /Users/unknwnkate/Desktop/hoffman-project/hoffman-backend/vendor/sentry/sentry-laravel/src/Sentry/Laravel/Http/SetRequestIpMiddleware.php(45): Illuminate\\Pipeline\\Pipeline->{closure:{closure:Illuminate\\Pipeline\\Pipeline::carry():184}:185}(Object(Illuminate\\Http\\Request))
#31 /Users/unknwnkate/Desktop/hoffman-project/hoffman-backend/vendor/laravel/framework/src/Illuminate/Pipeline/Pipeline.php(209): Sentry\\Laravel\\Http\\SetRequestIpMiddleware->handle(Object(Illuminate\\Http\\Request), Object(Closure))
#32 /Users/unknwnkate/Desktop/hoffman-project/hoffman-backend/vendor/sentry/sentry-laravel/src/Sentry/Laravel/Http/SetRequestMiddleware.php(31): Illuminate\\Pipeline\\Pipeline->{closure:{closure:Illuminate\\Pipeline\\Pipeline::carry():184}:185}(Object(Illuminate\\Http\\Request))
#33 /Users/unknwnkate/Desktop/hoffman-project/hoffman-backend/vendor/laravel/framework/src/Illuminate/Pipeline/Pipeline.php(209): Sentry\\Laravel\\Http\\SetRequestMiddleware->handle(Object(Illuminate\\Http\\Request), Object(Closure))
#34 /Users/unknwnkate/Desktop/hoffman-project/hoffman-backend/app/Http/Middleware/SentryContext.php(23): Illuminate\\Pipeline\\Pipeline->{closure:{closure:Illuminate\\Pipeline\\Pipeline::carry():184}:185}(Object(Illuminate\\Http\\Request))
#35 /Users/unknwnkate/Desktop/hoffman-project/hoffman-backend/vendor/laravel/framework/src/Illuminate/Pipeline/Pipeline.php(209): App\\Http\\Middleware\\SentryContext->handle(Object(Illuminate\\Http\\Request), Object(Closure))
#36 /Users/unknwnkate/Desktop/hoffman-project/hoffman-backend/vendor/laravel/framework/src/Illuminate/Foundation/Http/Middleware/TransformsRequest.php(21): Illuminate\\Pipeline\\Pipeline->{closure:{closure:Illuminate\\Pipeline\\Pipeline::carry():184}:185}(Object(Illuminate\\Http\\Request))
#37 /Users/unknwnkate/Desktop/hoffman-project/hoffman-backend/vendor/laravel/framework/src/Illuminate/Foundation/Http/Middleware/ConvertEmptyStringsToNull.php(31): Illuminate\\Foundation\\Http\\Middleware\\TransformsRequest->handle(Object(Illuminate\\Http\\Request), Object(Closure))
#38 /Users/unknwnkate/Desktop/hoffman-project/hoffman-backend/vendor/laravel/framework/src/Illuminate/Pipeline/Pipeline.php(209): Illuminate\\Foundation\\Http\\Middleware\\ConvertEmptyStringsToNull->handle(Object(Illuminate\\Http\\Request), Object(Closure))
#39 /Users/unknwnkate/Desktop/hoffman-project/hoffman-backend/vendor/laravel/framework/src/Illuminate/Foundation/Http/Middleware/TransformsRequest.php(21): Illuminate\\Pipeline\\Pipeline->{closure:{closure:Illuminate\\Pipeline\\Pipeline::carry():184}:185}(Object(Illuminate\\Http\\Request))
#40 /Users/unknwnkate/Desktop/hoffman-project/hoffman-backend/vendor/laravel/framework/src/Illuminate/Foundation/Http/Middleware/TrimStrings.php(51): Illuminate\\Foundation\\Http\\Middleware\\TransformsRequest->handle(Object(Illuminate\\Http\\Request), Object(Closure))
#41 /Users/unknwnkate/Desktop/hoffman-project/hoffman-backend/vendor/laravel/framework/src/Illuminate/Pipeline/Pipeline.php(209): Illuminate\\Foundation\\Http\\Middleware\\TrimStrings->handle(Object(Illuminate\\Http\\Request), Object(Closure))
#42 /Users/unknwnkate/Desktop/hoffman-project/hoffman-backend/vendor/laravel/framework/src/Illuminate/Http/Middleware/ValidatePostSize.php(27): Illuminate\\Pipeline\\Pipeline->{closure:{closure:Illuminate\\Pipeline\\Pipeline::carry():184}:185}(Object(Illuminate\\Http\\Request))
#43 /Users/unknwnkate/Desktop/hoffman-project/hoffman-backend/vendor/laravel/framework/src/Illuminate/Pipeline/Pipeline.php(209): Illuminate\\Http\\Middleware\\ValidatePostSize->handle(Object(Illuminate\\Http\\Request), Object(Closure))
#44 /Users/unknwnkate/Desktop/hoffman-project/hoffman-backend/vendor/laravel/framework/src/Illuminate/Foundation/Http/Middleware/PreventRequestsDuringMaintenance.php(110): Illuminate\\Pipeline\\Pipeline->{closure:{closure:Illuminate\\Pipeline\\Pipeline::carry():184}:185}(Object(Illuminate\\Http\\Request))
#45 /Users/unknwnkate/Desktop/hoffman-project/hoffman-backend/vendor/laravel/framework/src/Illuminate/Pipeline/Pipeline.php(209): Illuminate\\Foundation\\Http\\Middleware\\PreventRequestsDuringMaintenance->handle(Object(Illuminate\\Http\\Request), Object(Closure))
#46 /Users/unknwnkate/Desktop/hoffman-project/hoffman-backend/vendor/laravel/framework/src/Illuminate/Http/Middleware/HandleCors.php(49): Illuminate\\Pipeline\\Pipeline->{closure:{closure:Illuminate\\Pipeline\\Pipeline::carry():184}:185}(Object(Illuminate\\Http\\Request))
#47 /Users/unknwnkate/Desktop/hoffman-project/hoffman-backend/vendor/laravel/framework/src/Illuminate/Pipeline/Pipeline.php(209): Illuminate\\Http\\Middleware\\HandleCors->handle(Object(Illuminate\\Http\\Request), Object(Closure))
#48 /Users/unknwnkate/Desktop/hoffman-project/hoffman-backend/vendor/laravel/framework/src/Illuminate/Http/Middleware/TrustProxies.php(58): Illuminate\\Pipeline\\Pipeline->{closure:{closure:Illuminate\\Pipeline\\Pipeline::carry():184}:185}(Object(Illuminate\\Http\\Request))
#49 /Users/unknwnkate/Desktop/hoffman-project/hoffman-backend/vendor/laravel/framework/src/Illuminate/Pipeline/Pipeline.php(209): Illuminate\\Http\\Middleware\\TrustProxies->handle(Object(Illuminate\\Http\\Request), Object(Closure))
#50 /Users/unknwnkate/Desktop/hoffman-project/hoffman-backend/vendor/laravel/framework/src/Illuminate/Foundation/Http/Middleware/InvokeDeferredCallbacks.php(22): Illuminate\\Pipeline\\Pipeline->{closure:{closure:Illuminate\\Pipeline\\Pipeline::carry():184}:185}(Object(Illuminate\\Http\\Request))
#51 /Users/unknwnkate/Desktop/hoffman-project/hoffman-backend/vendor/laravel/framework/src/Illuminate/Pipeline/Pipeline.php(209): Illuminate\\Foundation\\Http\\Middleware\\InvokeDeferredCallbacks->handle(Object(Illuminate\\Http\\Request), Object(Closure))
#52 /Users/unknwnkate/Desktop/hoffman-project/hoffman-backend/vendor/sentry/sentry-laravel/src/Sentry/Laravel/Tracing/Middleware.php(79): Illuminate\\Pipeline\\Pipeline->{closure:{closure:Illuminate\\Pipeline\\Pipeline::carry():184}:185}(Object(Illuminate\\Http\\Request))
#53 /Users/unknwnkate/Desktop/hoffman-project/hoffman-backend/vendor/laravel/framework/src/Illuminate/Pipeline/Pipeline.php(209): Sentry\\Laravel\\Tracing\\Middleware->handle(Object(Illuminate\\Http\\Request), Object(Closure))
#54 /Users/unknwnkate/Desktop/hoffman-project/hoffman-backend/vendor/laravel/framework/src/Illuminate/Pipeline/Pipeline.php(127): Illuminate\\Pipeline\\Pipeline->{closure:{closure:Illuminate\\Pipeline\\Pipeline::carry():184}:185}(Object(Illuminate\\Http\\Request))
#55 /Users/unknwnkate/Desktop/hoffman-project/hoffman-backend/vendor/laravel/framework/src/Illuminate/Foundation/Http/Kernel.php(176): Illuminate\\Pipeline\\Pipeline->then(Object(Closure))
#56 /Users/unknwnkate/Desktop/hoffman-project/hoffman-backend/vendor/laravel/framework/src/Illuminate/Foundation/Http/Kernel.php(145): Illuminate\\Foundation\\Http\\Kernel->sendRequestThroughRouter(Object(Illuminate\\Http\\Request))
#57 /Users/unknwnkate/Desktop/hoffman-project/hoffman-backend/vendor/laravel/framework/src/Illuminate/Foundation/Application.php(1220): Illuminate\\Foundation\\Http\\Kernel->handle(Object(Illuminate\\Http\\Request))
#58 /Users/unknwnkate/Desktop/hoffman-project/hoffman-backend/public/index.php(17): Illuminate\\Foundation\\Application->handleRequest(Object(Illuminate\\Http\\Request))
#59 /Users/unknwnkate/Desktop/hoffman-project/hoffman-backend/vendor/laravel/framework/src/Illuminate/Foundation/resources/server.php(23): require_once('/Users/unknwnka...')
#60 {main}
"} 
[2026-09-07 12:35:44] testing.ERROR: Declaration of App\Http\Requests\ApiFormRequest::failedValidation(Illuminate\Validation\Validator $validator): void must be compatible with Illuminate\Foundation\Http\FormRequest::failedValidation(Illuminate\Contracts\Validation\Validator $validator) {"exception":"[object] (Symfony\\Component\\ErrorHandler\\Error\\FatalError(code: 0): Declaration of App\\Http\\Requests\\ApiFormRequest::failedValidation(Illuminate\\Validation\\Validator $validator): void must be compatible with Illuminate\\Foundation\\Http\\FormRequest::failedValidation(Illuminate\\Contracts\\Validation\\Validator $validator) at /Users/unknwnkate/Desktop/hoffman-project/hoffman-backend/app/Http/Requests/ApiFormRequest.php:14)
[stacktrace]
#0 {main}
"} 
[2026-09-07 12:36:08] testing.ERROR:  {"exception":"[object] (App\\Domain\\Auth\\Exceptions\\InvalidCredentialsException(code: 0):  at /Users/unknwnkate/Desktop/hoffman-project/hoffman-backend/app/Domain/Auth/Services/AuthService.php:42)
[stacktrace]
#0 /Users/unknwnkate/Desktop/hoffman-project/hoffman-backend/app/Http/Controllers/Api/V1/AuthController.php(28): App\\Domain\\Auth\\Services\\AuthService->login(Array)
#1 /Users/unknwnkate/Desktop/hoffman-project/hoffman-backend/vendor/laravel/framework/src/Illuminate/Routing/ControllerDispatcher.php(47): App\\Http\\Controllers\\Api\\V1\\AuthController->login(Object(App\\Http\\Requests\\Auth\\LoginRequest))
#2 /Users/unknwnkate/Desktop/hoffman-project/hoffman-backend/vendor/sentry/sentry-laravel/src/Sentry/Laravel/Tracing/Routing/TracingControllerDispatcherTracing.php(21): Illuminate\\Routing\\ControllerDispatcher->dispatch(Object(Illuminate\\Routing\\Route), Object(App\\Http\\Controllers\\Api\\V1\\AuthController), 'login')
#3 /Users/unknwnkate/Desktop/hoffman-project/hoffman-backend/vendor/sentry/sentry-laravel/src/Sentry/Laravel/Tracing/Routing/TracingRoutingDispatcher.php(35): Sentry\\Laravel\\Tracing\\Routing\\TracingControllerDispatcherTracing->{closure:Sentry\\Laravel\\Tracing\\Routing\\TracingControllerDispatcherTracing::dispatch():20}()
#4 /Users/unknwnkate/Desktop/hoffman-project/hoffman-backend/vendor/sentry/sentry-laravel/src/Sentry/Laravel/Tracing/Routing/TracingControllerDispatcherTracing.php(20): Sentry\\Laravel\\Tracing\\Routing\\TracingRoutingDispatcher->wrapRouteDispatch(Object(Closure), Object(Illuminate\\Routing\\Route))
#5 /Users/unknwnkate/Desktop/hoffman-project/hoffman-backend/vendor/laravel/framework/src/Illuminate/Routing/Route.php(266): Sentry\\Laravel\\Tracing\\Routing\\TracingControllerDispatcherTracing->dispatch(Object(Illuminate\\Routing\\Route), Object(App\\Http\\Controllers\\Api\\V1\\AuthController), 'login')
#6 /Users/unknwnkate/Desktop/hoffman-project/hoffman-backend/vendor/laravel/framework/src/Illuminate/Routing/Route.php(212): Illuminate\\Routing\\Route->runController()
#7 /Users/unknwnkate/Desktop/hoffman-project/hoffman-backend/vendor/laravel/framework/src/Illuminate/Routing/Router.php(808): Illuminate\\Routing\\Route->run()
#8 /Users/unknwnkate/Desktop/hoffman-project/hoffman-backend/vendor/laravel/framework/src/Illuminate/Pipeline/Pipeline.php(170): Illuminate\\Routing\\Router->{closure:Illuminate\\Routing\\Router::runRouteWithinStack():807}(Object(Illuminate\\Http\\Request))
#9 /Users/unknwnkate/Desktop/hoffman-project/hoffman-backend/vendor/laravel/framework/src/Illuminate/Routing/Middleware/SubstituteBindings.php(51): Illuminate\\Pipeline\\Pipeline->{closure:Illuminate\\Pipeline\\Pipeline::prepareDestination():168}(Object(Illuminate\\Http\\Request))
#10 /Users/unknwnkate/Desktop/hoffman-project/hoffman-backend/vendor/laravel/framework/src/Illuminate/Pipeline/Pipeline.php(209): Illuminate\\Routing\\Middleware\\SubstituteBindings->handle(Object(Illuminate\\Http\\Request), Object(Closure))
#11 /Users/unknwnkate/Desktop/hoffman-project/hoffman-backend/vendor/laravel/framework/src/Illuminate/Pipeline/Pipeline.php(127): Illuminate\\Pipeline\\Pipeline->{closure:{closure:Illuminate\\Pipeline\\Pipeline::carry():184}:185}(Object(Illuminate\\Http\\Request))
#12 /Users/unknwnkate/Desktop/hoffman-project/hoffman-backend/vendor/laravel/framework/src/Illuminate/Routing/Router.php(807): Illuminate\\Pipeline\\Pipeline->then(Object(Closure))
#13 /Users/unknwnkate/Desktop/hoffman-project/hoffman-backend/vendor/laravel/framework/src/Illuminate/Routing/Router.php(786): Illuminate\\Routing\\Router->runRouteWithinStack(Object(Illuminate\\Routing\\Route), Object(Illuminate\\Http\\Request))
#14 /Users/unknwnkate/Desktop/hoffman-project/hoffman-backend/vendor/laravel/framework/src/Illuminate/Routing/Router.php(750): Illuminate\\Routing\\Router->runRoute(Object(Illuminate\\Http\\Request), Object(Illuminate\\Routing\\Route))
#15 /Users/unknwnkate/Desktop/hoffman-project/hoffman-backend/vendor/laravel/framework/src/Illuminate/Routing/Router.php(739): Illuminate\\Routing\\Router->dispatchToRoute(Object(Illuminate\\Http\\Request))
#16 /Users/unknwnkate/Desktop/hoffman-project/hoffman-backend/vendor/laravel/framework/src/Illuminate/Foundation/Http/Kernel.php(201): Illuminate\\Routing\\Router->dispatch(Object(Illuminate\\Http\\Request))
#17 /Users/unknwnkate/Desktop/hoffman-project/hoffman-backend/vendor/laravel/framework/src/Illuminate/Pipeline/Pipeline.php(170): Illuminate\\Foundation\\Http\\Kernel->{closure:Illuminate\\Foundation\\Http\\Kernel::dispatchToRouter():198}(Object(Illuminate\\Http\\Request))
#18 /Users/unknwnkate/Desktop/hoffman-project/hoffman-backend/vendor/sentry/sentry-laravel/src/Sentry/Laravel/Http/FlushEventsMiddleware.php(13): Illuminate\\Pipeline\\Pipeline->{closure:Illuminate\\Pipeline\\Pipeline::prepareDestination():168}(Object(Illuminate\\Http\\Request))
#19 /Users/unknwnkate/Desktop/hoffman-project/hoffman-backend/vendor/laravel/framework/src/Illuminate/Pipeline/Pipeline.php(209): Sentry\\Laravel\\Http\\FlushEventsMiddleware->handle(Object(Illuminate\\Http\\Request), Object(Closure))
#20 /Users/unknwnkate/Desktop/hoffman-project/hoffman-backend/vendor/sentry/sentry-laravel/src/Sentry/Laravel/Http/SetRequestIpMiddleware.php(45): Illuminate\\Pipeline\\Pipeline->{closure:{closure:Illuminate\\Pipeline\\Pipeline::carry():184}:185}(Object(Illuminate\\Http\\Request))
#21 /Users/unknwnkate/Desktop/hoffman-project/hoffman-backend/vendor/laravel/framework/src/Illuminate/Pipeline/Pipeline.php(209): Sentry\\Laravel\\Http\\SetRequestIpMiddleware->handle(Object(Illuminate\\Http\\Request), Object(Closure))
#22 /Users/unknwnkate/Desktop/hoffman-project/hoffman-backend/vendor/sentry/sentry-laravel/src/Sentry/Laravel/Http/SetRequestMiddleware.php(31): Illuminate\\Pipeline\\Pipeline->{closure:{closure:Illuminate\\Pipeline\\Pipeline::carry():184}:185}(Object(Illuminate\\Http\\Request))
#23 /Users/unknwnkate/Desktop/hoffman-project/hoffman-backend/vendor/laravel/framework/src/Illuminate/Pipeline/Pipeline.php(209): Sentry\\Laravel\\Http\\SetRequestMiddleware->handle(Object(Illuminate\\Http\\Request), Object(Closure))
#24 /Users/unknwnkate/Desktop/hoffman-project/hoffman-backend/app/Http/Middleware/SentryContext.php(23): Illuminate\\Pipeline\\Pipeline->{closure:{closure:Illuminate\\Pipeline\\Pipeline::carry():184}:185}(Object(Illuminate\\Http\\Request))
#25 /Users/unknwnkate/Desktop/hoffman-project/hoffman-backend/vendor/laravel/framework/src/Illuminate/Pipeline/Pipeline.php(209): App\\Http\\Middleware\\SentryContext->handle(Object(Illuminate\\Http\\Request), Object(Closure))
#26 /Users/unknwnkate/Desktop/hoffman-project/hoffman-backend/vendor/laravel/framework/src/Illuminate/Foundation/Http/Middleware/TransformsRequest.php(21): Illuminate\\Pipeline\\Pipeline->{closure:{closure:Illuminate\\Pipeline\\Pipeline::carry():184}:185}(Object(Illuminate\\Http\\Request))
#27 /Users/unknwnkate/Desktop/hoffman-project/hoffman-backend/vendor/laravel/framework/src/Illuminate/Foundation/Http/Middleware/ConvertEmptyStringsToNull.php(31): Illuminate\\Foundation\\Http\\Middleware\\TransformsRequest->handle(Object(Illuminate\\Http\\Request), Object(Closure))
#28 /Users/unknwnkate/Desktop/hoffman-project/hoffman-backend/vendor/laravel/framework/src/Illuminate/Pipeline/Pipeline.php(209): Illuminate\\Foundation\\Http\\Middleware\\ConvertEmptyStringsToNull->handle(Object(Illuminate\\Http\\Request), Object(Closure))
#29 /Users/unknwnkate/Desktop/hoffman-project/hoffman-backend/vendor/laravel/framework/src/Illuminate/Foundation/Http/Middleware/TransformsRequest.php(21): Illuminate\\Pipeline\\Pipeline->{closure:{closure:Illuminate\\Pipeline\\Pipeline::carry():184}:185}(Object(Illuminate\\Http\\Request))
#30 /Users/unknwnkate/Desktop/hoffman-project/hoffman-backend/vendor/laravel/framework/src/Illuminate/Foundation/Http/Middleware/TrimStrings.php(51): Illuminate\\Foundation\\Http\\Middleware\\TransformsRequest->handle(Object(Illuminate\\Http\\Request), Object(Closure))
#31 /Users/unknwnkate/Desktop/hoffman-project/hoffman-backend/vendor/laravel/framework/src/Illuminate/Pipeline/Pipeline.php(209): Illuminate\\Foundation\\Http\\Middleware\\TrimStrings->handle(Object(Illuminate\\Http\\Request), Object(Closure))
#32 /Users/unknwnkate/Desktop/hoffman-project/hoffman-backend/vendor/laravel/framework/src/Illuminate/Http/Middleware/ValidatePostSize.php(27): Illuminate\\Pipeline\\Pipeline->{closure:{closure:Illuminate\\Pipeline\\Pipeline::carry():184}:185}(Object(Illuminate\\Http\\Request))
#33 /Users/unknwnkate/Desktop/hoffman-project/hoffman-backend/vendor/laravel/framework/src/Illuminate/Pipeline/Pipeline.php(209): Illuminate\\Http\\Middleware\\ValidatePostSize->handle(Object(Illuminate\\Http\\Request), Object(Closure))
#34 /Users/unknwnkate/Desktop/hoffman-project/hoffman-backend/vendor/laravel/framework/src/Illuminate/Foundation/Http/Middleware/PreventRequestsDuringMaintenance.php(110): Illuminate\\Pipeline\\Pipeline->{closure:{closure:Illuminate\\Pipeline\\Pipeline::carry():184}:185}(Object(Illuminate\\Http\\Request))
#35 /Users/unknwnkate/Desktop/hoffman-project/hoffman-backend/vendor/laravel/framework/src/Illuminate/Pipeline/Pipeline.php(209): Illuminate\\Foundation\\Http\\Middleware\\PreventRequestsDuringMaintenance->handle(Object(Illuminate\\Http\\Request), Object(Closure))
#36 /Users/unknwnkate/Desktop/hoffman-project/hoffman-backend/vendor/laravel/framework/src/Illuminate/Http/Middleware/HandleCors.php(62): Illuminate\\Pipeline\\Pipeline->{closure:{closure:Illuminate\\Pipeline\\Pipeline::carry():184}:185}(Object(Illuminate\\Http\\Request))
#37 /Users/unknwnkate/Desktop/hoffman-project/hoffman-backend/vendor/laravel/framework/src/Illuminate/Pipeline/Pipeline.php(209): Illuminate\\Http\\Middleware\\HandleCors->handle(Object(Illuminate\\Http\\Request), Object(Closure))
#38 /Users/unknwnkate/Desktop/hoffman-project/hoffman-backend/vendor/laravel/framework/src/Illuminate/Http/Middleware/TrustProxies.php(58): Illuminate\\Pipeline\\Pipeline->{closure:{closure:Illuminate\\Pipeline\\Pipeline::carry():184}:185}(Object(Illuminate\\Http\\Request))
#39 /Users/unknwnkate/Desktop/hoffman-project/hoffman-backend/vendor/laravel/framework/src/Illuminate/Pipeline/Pipeline.php(209): Illuminate\\Http\\Middleware\\TrustProxies->handle(Object(Illuminate\\Http\\Request), Object(Closure))
#40 /Users/unknwnkate/Desktop/hoffman-project/hoffman-backend/vendor/laravel/framework/src/Illuminate/Foundation/Http/Middleware/InvokeDeferredCallbacks.php(22): Illuminate\\Pipeline\\Pipeline->{closure:{closure:Illuminate\\Pipeline\\Pipeline::carry():184}:185}(Object(Illuminate\\Http\\Request))
#41 /Users/unknwnkate/Desktop/hoffman-project/hoffman-backend/vendor/laravel/framework/src/Illuminate/Pipeline/Pipeline.php(209): Illuminate\\Foundation\\Http\\Middleware\\InvokeDeferredCallbacks->handle(Object(Illuminate\\Http\\Request), Object(Closure))
#42 /Users/unknwnkate/Desktop/hoffman-project/hoffman-backend/vendor/sentry/sentry-laravel/src/Sentry/Laravel/Tracing/Middleware.php(79): Illuminate\\Pipeline\\Pipeline->{closure:{closure:Illuminate\\Pipeline\\Pipeline::carry():184}:185}(Object(Illuminate\\Http\\Request))
#43 /Users/unknwnkate/Desktop/hoffman-project/hoffman-backend/vendor/laravel/framework/src/Illuminate/Pipeline/Pipeline.php(209): Sentry\\Laravel\\Tracing\\Middleware->handle(Object(Illuminate\\Http\\Request), Object(Closure))
#44 /Users/unknwnkate/Desktop/hoffman-project/hoffman-backend/vendor/laravel/framework/src/Illuminate/Pipeline/Pipeline.php(127): Illuminate\\Pipeline\\Pipeline->{closure:{closure:Illuminate\\Pipeline\\Pipeline::carry():184}:185}(Object(Illuminate\\Http\\Request))
#45 /Users/unknwnkate/Desktop/hoffman-project/hoffman-backend/vendor/laravel/framework/src/Illuminate/Foundation/Http/Kernel.php(176): Illuminate\\Pipeline\\Pipeline->then(Object(Closure))
#46 /Users/unknwnkate/Desktop/hoffman-project/hoffman-backend/vendor/laravel/framework/src/Illuminate/Foundation/Http/Kernel.php(145): Illuminate\\Foundation\\Http\\Kernel->sendRequestThroughRouter(Object(Illuminate\\Http\\Request))
#47 /Users/unknwnkate/Desktop/hoffman-project/hoffman-backend/vendor/laravel/framework/src/Illuminate/Foundation/Testing/Concerns/MakesHttpRequests.php(607): Illuminate\\Foundation\\Http\\Kernel->handle(Object(Illuminate\\Http\\Request))
#48 /Users/unknwnkate/Desktop/hoffman-project/hoffman-backend/vendor/laravel/framework/src/Illuminate/Foundation/Testing/Concerns/MakesHttpRequests.php(573): Illuminate\\Foundation\\Testing\\TestCase->call('POST', '/api/v1/auth/lo...', Array, Array, Array, Array, '{\"email\":\"unkno...')
#49 /Users/unknwnkate/Desktop/hoffman-project/hoffman-backend/vendor/laravel/framework/src/Illuminate/Foundation/Testing/Concerns/MakesHttpRequests.php(411): Illuminate\\Foundation\\Testing\\TestCase->json('POST', '/api/v1/auth/lo...', Array, Array, 0)
#50 /Users/unknwnkate/Desktop/hoffman-project/hoffman-backend/tests/Feature/Auth/LoginTest.php(34): Illuminate\\Foundation\\Testing\\TestCase->postJson('/api/v1/auth/lo...', Array)
#51 /Users/unknwnkate/Desktop/hoffman-project/hoffman-backend/vendor/phpunit/phpunit/src/Framework/TestCase.php(1667): Tests\\Feature\\Auth\\LoginTest->test_it_rejects_login_with_an_unknown_email()
#52 /Users/unknwnkate/Desktop/hoffman-project/hoffman-backend/vendor/phpunit/phpunit/src/Framework/TestCase.php(519): PHPUnit\\Framework\\TestCase->runTest()
#53 /Users/unknwnkate/Desktop/hoffman-project/hoffman-backend/vendor/phpunit/phpunit/src/Framework/TestRunner/TestRunner.php(87): PHPUnit\\Framework\\TestCase->runBare()
#54 /Users/unknwnkate/Desktop/hoffman-project/hoffman-backend/vendor/phpunit/phpunit/src/Framework/TestCase.php(365): PHPUnit\\Framework\\TestRunner->run(Object(Tests\\Feature\\Auth\\LoginTest))
#55 /Users/unknwnkate/Desktop/hoffman-project/hoffman-backend/vendor/phpunit/phpunit/src/Framework/TestSuite.php(369): PHPUnit\\Framework\\TestCase->run()
#56 /Users/unknwnkate/Desktop/hoffman-project/hoffman-backend/vendor/phpunit/phpunit/src/Framework/TestSuite.php(369): PHPUnit\\Framework\\TestSuite->run()
#57 /Users/unknwnkate/Desktop/hoffman-project/hoffman-backend/vendor/phpunit/phpunit/src/TextUI/TestRunner.php(64): PHPUnit\\Framework\\TestSuite->run()
#58 /Users/unknwnkate/Desktop/hoffman-project/hoffman-backend/vendor/phpunit/phpunit/src/TextUI/Application.php(211): PHPUnit\\TextUI\\TestRunner->run(Object(PHPUnit\\TextUI\\Configuration\\Configuration), Object(PHPUnit\\Runner\\ResultCache\\DefaultResultCache), Object(PHPUnit\\Framework\\TestSuite))
#59 /Users/unknwnkate/Desktop/hoffman-project/hoffman-backend/vendor/phpunit/phpunit/phpunit(104): PHPUnit\\TextUI\\Application->run(Array)
#60 /Users/unknwnkate/Desktop/hoffman-project/hoffman-backend/vendor/bin/phpunit(122): include('/Users/unknwnka...')
#61 {main}
"} 
[2026-09-07 12:36:08] testing.ERROR:  {"exception":"[object] (App\\Domain\\Auth\\Exceptions\\InvalidCredentialsException(code: 0):  at /Users/unknwnkate/Desktop/hoffman-project/hoffman-backend/app/Domain/Auth/Services/AuthService.php:42)
[stacktrace]
#0 /Users/unknwnkate/Desktop/hoffman-project/hoffman-backend/app/Http/Controllers/Api/V1/AuthController.php(28): App\\Domain\\Auth\\Services\\AuthService->login(Array)
#1 /Users/unknwnkate/Desktop/hoffman-project/hoffman-backend/vendor/laravel/framework/src/Illuminate/Routing/ControllerDispatcher.php(47): App\\Http\\Controllers\\Api\\V1\\AuthController->login(Object(App\\Http\\Requests\\Auth\\LoginRequest))
#2 /Users/unknwnkate/Desktop/hoffman-project/hoffman-backend/vendor/sentry/sentry-laravel/src/Sentry/Laravel/Tracing/Routing/TracingControllerDispatcherTracing.php(21): Illuminate\\Routing\\ControllerDispatcher->dispatch(Object(Illuminate\\Routing\\Route), Object(App\\Http\\Controllers\\Api\\V1\\AuthController), 'login')
#3 /Users/unknwnkate/Desktop/hoffman-project/hoffman-backend/vendor/sentry/sentry-laravel/src/Sentry/Laravel/Tracing/Routing/TracingRoutingDispatcher.php(35): Sentry\\Laravel\\Tracing\\Routing\\TracingControllerDispatcherTracing->{closure:Sentry\\Laravel\\Tracing\\Routing\\TracingControllerDispatcherTracing::dispatch():20}()
#4 /Users/unknwnkate/Desktop/hoffman-project/hoffman-backend/vendor/sentry/sentry-laravel/src/Sentry/Laravel/Tracing/Routing/TracingControllerDispatcherTracing.php(20): Sentry\\Laravel\\Tracing\\Routing\\TracingRoutingDispatcher->wrapRouteDispatch(Object(Closure), Object(Illuminate\\Routing\\Route))
#5 /Users/unknwnkate/Desktop/hoffman-project/hoffman-backend/vendor/laravel/framework/src/Illuminate/Routing/Route.php(266): Sentry\\Laravel\\Tracing\\Routing\\TracingControllerDispatcherTracing->dispatch(Object(Illuminate\\Routing\\Route), Object(App\\Http\\Controllers\\Api\\V1\\AuthController), 'login')
#6 /Users/unknwnkate/Desktop/hoffman-project/hoffman-backend/vendor/laravel/framework/src/Illuminate/Routing/Route.php(212): Illuminate\\Routing\\Route->runController()
#7 /Users/unknwnkate/Desktop/hoffman-project/hoffman-backend/vendor/laravel/framework/src/Illuminate/Routing/Router.php(808): Illuminate\\Routing\\Route->run()
#8 /Users/unknwnkate/Desktop/hoffman-project/hoffman-backend/vendor/laravel/framework/src/Illuminate/Pipeline/Pipeline.php(170): Illuminate\\Routing\\Router->{closure:Illuminate\\Routing\\Router::runRouteWithinStack():807}(Object(Illuminate\\Http\\Request))
#9 /Users/unknwnkate/Desktop/hoffman-project/hoffman-backend/vendor/laravel/framework/src/Illuminate/Routing/Middleware/SubstituteBindings.php(51): Illuminate\\Pipeline\\Pipeline->{closure:Illuminate\\Pipeline\\Pipeline::prepareDestination():168}(Object(Illuminate\\Http\\Request))
#10 /Users/unknwnkate/Desktop/hoffman-project/hoffman-backend/vendor/laravel/framework/src/Illuminate/Pipeline/Pipeline.php(209): Illuminate\\Routing\\Middleware\\SubstituteBindings->handle(Object(Illuminate\\Http\\Request), Object(Closure))
#11 /Users/unknwnkate/Desktop/hoffman-project/hoffman-backend/vendor/laravel/framework/src/Illuminate/Pipeline/Pipeline.php(127): Illuminate\\Pipeline\\Pipeline->{closure:{closure:Illuminate\\Pipeline\\Pipeline::carry():184}:185}(Object(Illuminate\\Http\\Request))
#12 /Users/unknwnkate/Desktop/hoffman-project/hoffman-backend/vendor/laravel/framework/src/Illuminate/Routing/Router.php(807): Illuminate\\Pipeline\\Pipeline->then(Object(Closure))
#13 /Users/unknwnkate/Desktop/hoffman-project/hoffman-backend/vendor/laravel/framework/src/Illuminate/Routing/Router.php(786): Illuminate\\Routing\\Router->runRouteWithinStack(Object(Illuminate\\Routing\\Route), Object(Illuminate\\Http\\Request))
#14 /Users/unknwnkate/Desktop/hoffman-project/hoffman-backend/vendor/laravel/framework/src/Illuminate/Routing/Router.php(750): Illuminate\\Routing\\Router->runRoute(Object(Illuminate\\Http\\Request), Object(Illuminate\\Routing\\Route))
#15 /Users/unknwnkate/Desktop/hoffman-project/hoffman-backend/vendor/laravel/framework/src/Illuminate/Routing/Router.php(739): Illuminate\\Routing\\Router->dispatchToRoute(Object(Illuminate\\Http\\Request))
#16 /Users/unknwnkate/Desktop/hoffman-project/hoffman-backend/vendor/laravel/framework/src/Illuminate/Foundation/Http/Kernel.php(201): Illuminate\\Routing\\Router->dispatch(Object(Illuminate\\Http\\Request))
#17 /Users/unknwnkate/Desktop/hoffman-project/hoffman-backend/vendor/laravel/framework/src/Illuminate/Pipeline/Pipeline.php(170): Illuminate\\Foundation\\Http\\Kernel->{closure:Illuminate\\Foundation\\Http\\Kernel::dispatchToRouter():198}(Object(Illuminate\\Http\\Request))
#18 /Users/unknwnkate/Desktop/hoffman-project/hoffman-backend/vendor/sentry/sentry-laravel/src/Sentry/Laravel/Http/FlushEventsMiddleware.php(13): Illuminate\\Pipeline\\Pipeline->{closure:Illuminate\\Pipeline\\Pipeline::prepareDestination():168}(Object(Illuminate\\Http\\Request))
#19 /Users/unknwnkate/Desktop/hoffman-project/hoffman-backend/vendor/laravel/framework/src/Illuminate/Pipeline/Pipeline.php(209): Sentry\\Laravel\\Http\\FlushEventsMiddleware->handle(Object(Illuminate\\Http\\Request), Object(Closure))
#20 /Users/unknwnkate/Desktop/hoffman-project/hoffman-backend/vendor/sentry/sentry-laravel/src/Sentry/Laravel/Http/SetRequestIpMiddleware.php(45): Illuminate\\Pipeline\\Pipeline->{closure:{closure:Illuminate\\Pipeline\\Pipeline::carry():184}:185}(Object(Illuminate\\Http\\Request))
#21 /Users/unknwnkate/Desktop/hoffman-project/hoffman-backend/vendor/laravel/framework/src/Illuminate/Pipeline/Pipeline.php(209): Sentry\\Laravel\\Http\\SetRequestIpMiddleware->handle(Object(Illuminate\\Http\\Request), Object(Closure))
#22 /Users/unknwnkate/Desktop/hoffman-project/hoffman-backend/vendor/sentry/sentry-laravel/src/Sentry/Laravel/Http/SetRequestMiddleware.php(31): Illuminate\\Pipeline\\Pipeline->{closure:{closure:Illuminate\\Pipeline\\Pipeline::carry():184}:185}(Object(Illuminate\\Http\\Request))
#23 /Users/unknwnkate/Desktop/hoffman-project/hoffman-backend/vendor/laravel/framework/src/Illuminate/Pipeline/Pipeline.php(209): Sentry\\Laravel\\Http\\SetRequestMiddleware->handle(Object(Illuminate\\Http\\Request), Object(Closure))
#24 /Users/unknwnkate/Desktop/hoffman-project/hoffman-backend/app/Http/Middleware/SentryContext.php(23): Illuminate\\Pipeline\\Pipeline->{closure:{closure:Illuminate\\Pipeline\\Pipeline::carry():184}:185}(Object(Illuminate\\Http\\Request))
#25 /Users/unknwnkate/Desktop/hoffman-project/hoffman-backend/vendor/laravel/framework/src/Illuminate/Pipeline/Pipeline.php(209): App\\Http\\Middleware\\SentryContext->handle(Object(Illuminate\\Http\\Request), Object(Closure))
#26 /Users/unknwnkate/Desktop/hoffman-project/hoffman-backend/vendor/laravel/framework/src/Illuminate/Foundation/Http/Middleware/TransformsRequest.php(21): Illuminate\\Pipeline\\Pipeline->{closure:{closure:Illuminate\\Pipeline\\Pipeline::carry():184}:185}(Object(Illuminate\\Http\\Request))
#27 /Users/unknwnkate/Desktop/hoffman-project/hoffman-backend/vendor/laravel/framework/src/Illuminate/Foundation/Http/Middleware/ConvertEmptyStringsToNull.php(31): Illuminate\\Foundation\\Http\\Middleware\\TransformsRequest->handle(Object(Illuminate\\Http\\Request), Object(Closure))
#28 /Users/unknwnkate/Desktop/hoffman-project/hoffman-backend/vendor/laravel/framework/src/Illuminate/Pipeline/Pipeline.php(209): Illuminate\\Foundation\\Http\\Middleware\\ConvertEmptyStringsToNull->handle(Object(Illuminate\\Http\\Request), Object(Closure))
#29 /Users/unknwnkate/Desktop/hoffman-project/hoffman-backend/vendor/laravel/framework/src/Illuminate/Foundation/Http/Middleware/TransformsRequest.php(21): Illuminate\\Pipeline\\Pipeline->{closure:{closure:Illuminate\\Pipeline\\Pipeline::carry():184}:185}(Object(Illuminate\\Http\\Request))
#30 /Users/unknwnkate/Desktop/hoffman-project/hoffman-backend/vendor/laravel/framework/src/Illuminate/Foundation/Http/Middleware/TrimStrings.php(51): Illuminate\\Foundation\\Http\\Middleware\\TransformsRequest->handle(Object(Illuminate\\Http\\Request), Object(Closure))
#31 /Users/unknwnkate/Desktop/hoffman-project/hoffman-backend/vendor/laravel/framework/src/Illuminate/Pipeline/Pipeline.php(209): Illuminate\\Foundation\\Http\\Middleware\\TrimStrings->handle(Object(Illuminate\\Http\\Request), Object(Closure))
#32 /Users/unknwnkate/Desktop/hoffman-project/hoffman-backend/vendor/laravel/framework/src/Illuminate/Http/Middleware/ValidatePostSize.php(27): Illuminate\\Pipeline\\Pipeline->{closure:{closure:Illuminate\\Pipeline\\Pipeline::carry():184}:185}(Object(Illuminate\\Http\\Request))
#33 /Users/unknwnkate/Desktop/hoffman-project/hoffman-backend/vendor/laravel/framework/src/Illuminate/Pipeline/Pipeline.php(209): Illuminate\\Http\\Middleware\\ValidatePostSize->handle(Object(Illuminate\\Http\\Request), Object(Closure))
#34 /Users/unknwnkate/Desktop/hoffman-project/hoffman-backend/vendor/laravel/framework/src/Illuminate/Foundation/Http/Middleware/PreventRequestsDuringMaintenance.php(110): Illuminate\\Pipeline\\Pipeline->{closure:{closure:Illuminate\\Pipeline\\Pipeline::carry():184}:185}(Object(Illuminate\\Http\\Request))
#35 /Users/unknwnkate/Desktop/hoffman-project/hoffman-backend/vendor/laravel/framework/src/Illuminate/Pipeline/Pipeline.php(209): Illuminate\\Foundation\\Http\\Middleware\\PreventRequestsDuringMaintenance->handle(Object(Illuminate\\Http\\Request), Object(Closure))
#36 /Users/unknwnkate/Desktop/hoffman-project/hoffman-backend/vendor/laravel/framework/src/Illuminate/Http/Middleware/HandleCors.php(62): Illuminate\\Pipeline\\Pipeline->{closure:{closure:Illuminate\\Pipeline\\Pipeline::carry():184}:185}(Object(Illuminate\\Http\\Request))
#37 /Users/unknwnkate/Desktop/hoffman-project/hoffman-backend/vendor/laravel/framework/src/Illuminate/Pipeline/Pipeline.php(209): Illuminate\\Http\\Middleware\\HandleCors->handle(Object(Illuminate\\Http\\Request), Object(Closure))
#38 /Users/unknwnkate/Desktop/hoffman-project/hoffman-backend/vendor/laravel/framework/src/Illuminate/Http/Middleware/TrustProxies.php(58): Illuminate\\Pipeline\\Pipeline->{closure:{closure:Illuminate\\Pipeline\\Pipeline::carry():184}:185}(Object(Illuminate\\Http\\Request))
#39 /Users/unknwnkate/Desktop/hoffman-project/hoffman-backend/vendor/laravel/framework/src/Illuminate/Pipeline/Pipeline.php(209): Illuminate\\Http\\Middleware\\TrustProxies->handle(Object(Illuminate\\Http\\Request), Object(Closure))
#40 /Users/unknwnkate/Desktop/hoffman-project/hoffman-backend/vendor/laravel/framework/src/Illuminate/Foundation/Http/Middleware/InvokeDeferredCallbacks.php(22): Illuminate\\Pipeline\\Pipeline->{closure:{closure:Illuminate\\Pipeline\\Pipeline::carry():184}:185}(Object(Illuminate\\Http\\Request))
#41 /Users/unknwnkate/Desktop/hoffman-project/hoffman-backend/vendor/laravel/framework/src/Illuminate/Pipeline/Pipeline.php(209): Illuminate\\Foundation\\Http\\Middleware\\InvokeDeferredCallbacks->handle(Object(Illuminate\\Http\\Request), Object(Closure))
#42 /Users/unknwnkate/Desktop/hoffman-project/hoffman-backend/vendor/sentry/sentry-laravel/src/Sentry/Laravel/Tracing/Middleware.php(79): Illuminate\\Pipeline\\Pipeline->{closure:{closure:Illuminate\\Pipeline\\Pipeline::carry():184}:185}(Object(Illuminate\\Http\\Request))
#43 /Users/unknwnkate/Desktop/hoffman-project/hoffman-backend/vendor/laravel/framework/src/Illuminate/Pipeline/Pipeline.php(209): Sentry\\Laravel\\Tracing\\Middleware->handle(Object(Illuminate\\Http\\Request), Object(Closure))
#44 /Users/unknwnkate/Desktop/hoffman-project/hoffman-backend/vendor/laravel/framework/src/Illuminate/Pipeline/Pipeline.php(127): Illuminate\\Pipeline\\Pipeline->{closure:{closure:Illuminate\\Pipeline\\Pipeline::carry():184}:185}(Object(Illuminate\\Http\\Request))
#45 /Users/unknwnkate/Desktop/hoffman-project/hoffman-backend/vendor/laravel/framework/src/Illuminate/Foundation/Http/Kernel.php(176): Illuminate\\Pipeline\\Pipeline->then(Object(Closure))
#46 /Users/unknwnkate/Desktop/hoffman-project/hoffman-backend/vendor/laravel/framework/src/Illuminate/Foundation/Http/Kernel.php(145): Illuminate\\Foundation\\Http\\Kernel->sendRequestThroughRouter(Object(Illuminate\\Http\\Request))
#47 /Users/unknwnkate/Desktop/hoffman-project/hoffman-backend/vendor/laravel/framework/src/Illuminate/Foundation/Testing/Concerns/MakesHttpRequests.php(607): Illuminate\\Foundation\\Http\\Kernel->handle(Object(Illuminate\\Http\\Request))
#48 /Users/unknwnkate/Desktop/hoffman-project/hoffman-backend/vendor/laravel/framework/src/Illuminate/Foundation/Testing/Concerns/MakesHttpRequests.php(573): Illuminate\\Foundation\\Testing\\TestCase->call('POST', '/api/v1/auth/lo...', Array, Array, Array, Array, '{\"email\":\"jane@...')
#49 /Users/unknwnkate/Desktop/hoffman-project/hoffman-backend/vendor/laravel/framework/src/Illuminate/Foundation/Testing/Concerns/MakesHttpRequests.php(411): Illuminate\\Foundation\\Testing\\TestCase->json('POST', '/api/v1/auth/lo...', Array, Array, 0)
#50 /Users/unknwnkate/Desktop/hoffman-project/hoffman-backend/tests/Feature/Auth/LoginTest.php(50): Illuminate\\Foundation\\Testing\\TestCase->postJson('/api/v1/auth/lo...', Array)
#51 /Users/unknwnkate/Desktop/hoffman-project/hoffman-backend/vendor/phpunit/phpunit/src/Framework/TestCase.php(1667): Tests\\Feature\\Auth\\LoginTest->test_it_rejects_login_with_an_incorrect_password()
#52 /Users/unknwnkate/Desktop/hoffman-project/hoffman-backend/vendor/phpunit/phpunit/src/Framework/TestCase.php(519): PHPUnit\\Framework\\TestCase->runTest()
#53 /Users/unknwnkate/Desktop/hoffman-project/hoffman-backend/vendor/phpunit/phpunit/src/Framework/TestRunner/TestRunner.php(87): PHPUnit\\Framework\\TestCase->runBare()
#54 /Users/unknwnkate/Desktop/hoffman-project/hoffman-backend/vendor/phpunit/phpunit/src/Framework/TestCase.php(365): PHPUnit\\Framework\\TestRunner->run(Object(Tests\\Feature\\Auth\\LoginTest))
#55 /Users/unknwnkate/Desktop/hoffman-project/hoffman-backend/vendor/phpunit/phpunit/src/Framework/TestSuite.php(369): PHPUnit\\Framework\\TestCase->run()
#56 /Users/unknwnkate/Desktop/hoffman-project/hoffman-backend/vendor/phpunit/phpunit/src/Framework/TestSuite.php(369): PHPUnit\\Framework\\TestSuite->run()
#57 /Users/unknwnkate/Desktop/hoffman-project/hoffman-backend/vendor/phpunit/phpunit/src/TextUI/TestRunner.php(64): PHPUnit\\Framework\\TestSuite->run()
#58 /Users/unknwnkate/Desktop/hoffman-project/hoffman-backend/vendor/phpunit/phpunit/src/TextUI/Application.php(211): PHPUnit\\TextUI\\TestRunner->run(Object(PHPUnit\\TextUI\\Configuration\\Configuration), Object(PHPUnit\\Runner\\ResultCache\\DefaultResultCache), Object(PHPUnit\\Framework\\TestSuite))
#59 /Users/unknwnkate/Desktop/hoffman-project/hoffman-backend/vendor/phpunit/phpunit/phpunit(104): PHPUnit\\TextUI\\Application->run(Array)
#60 /Users/unknwnkate/Desktop/hoffman-project/hoffman-backend/vendor/bin/phpunit(122): include('/Users/unknwnka...')
#61 {main}
"} 
[2026-09-07 12:37:03] testing.ERROR:  {"exception":"[object] (App\\Domain\\Auth\\Exceptions\\InvalidCredentialsException(code: 0):  at /Users/unknwnkate/Desktop/hoffman-project/hoffman-backend/app/Domain/Auth/Services/AuthService.php:42)
[stacktrace]
#0 /Users/unknwnkate/Desktop/hoffman-project/hoffman-backend/app/Http/Controllers/Api/V1/AuthController.php(28): App\\Domain\\Auth\\Services\\AuthService->login(Array)
#1 /Users/unknwnkate/Desktop/hoffman-project/hoffman-backend/vendor/laravel/framework/src/Illuminate/Routing/ControllerDispatcher.php(47): App\\Http\\Controllers\\Api\\V1\\AuthController->login(Object(App\\Http\\Requests\\Auth\\LoginRequest))
#2 /Users/unknwnkate/Desktop/hoffman-project/hoffman-backend/vendor/sentry/sentry-laravel/src/Sentry/Laravel/Tracing/Routing/TracingControllerDispatcherTracing.php(21): Illuminate\\Routing\\ControllerDispatcher->dispatch(Object(Illuminate\\Routing\\Route), Object(App\\Http\\Controllers\\Api\\V1\\AuthController), 'login')
#3 /Users/unknwnkate/Desktop/hoffman-project/hoffman-backend/vendor/sentry/sentry-laravel/src/Sentry/Laravel/Tracing/Routing/TracingRoutingDispatcher.php(35): Sentry\\Laravel\\Tracing\\Routing\\TracingControllerDispatcherTracing->{closure:Sentry\\Laravel\\Tracing\\Routing\\TracingControllerDispatcherTracing::dispatch():20}()
#4 /Users/unknwnkate/Desktop/hoffman-project/hoffman-backend/vendor/sentry/sentry-laravel/src/Sentry/Laravel/Tracing/Routing/TracingControllerDispatcherTracing.php(20): Sentry\\Laravel\\Tracing\\Routing\\TracingRoutingDispatcher->wrapRouteDispatch(Object(Closure), Object(Illuminate\\Routing\\Route))
#5 /Users/unknwnkate/Desktop/hoffman-project/hoffman-backend/vendor/laravel/framework/src/Illuminate/Routing/Route.php(266): Sentry\\Laravel\\Tracing\\Routing\\TracingControllerDispatcherTracing->dispatch(Object(Illuminate\\Routing\\Route), Object(App\\Http\\Controllers\\Api\\V1\\AuthController), 'login')
#6 /Users/unknwnkate/Desktop/hoffman-project/hoffman-backend/vendor/laravel/framework/src/Illuminate/Routing/Route.php(212): Illuminate\\Routing\\Route->runController()
#7 /Users/unknwnkate/Desktop/hoffman-project/hoffman-backend/vendor/laravel/framework/src/Illuminate/Routing/Router.php(808): Illuminate\\Routing\\Route->run()
#8 /Users/unknwnkate/Desktop/hoffman-project/hoffman-backend/vendor/laravel/framework/src/Illuminate/Pipeline/Pipeline.php(170): Illuminate\\Routing\\Router->{closure:Illuminate\\Routing\\Router::runRouteWithinStack():807}(Object(Illuminate\\Http\\Request))
#9 /Users/unknwnkate/Desktop/hoffman-project/hoffman-backend/vendor/laravel/framework/src/Illuminate/Routing/Middleware/SubstituteBindings.php(51): Illuminate\\Pipeline\\Pipeline->{closure:Illuminate\\Pipeline\\Pipeline::prepareDestination():168}(Object(Illuminate\\Http\\Request))
#10 /Users/unknwnkate/Desktop/hoffman-project/hoffman-backend/vendor/laravel/framework/src/Illuminate/Pipeline/Pipeline.php(209): Illuminate\\Routing\\Middleware\\SubstituteBindings->handle(Object(Illuminate\\Http\\Request), Object(Closure))
#11 /Users/unknwnkate/Desktop/hoffman-project/hoffman-backend/vendor/laravel/framework/src/Illuminate/Pipeline/Pipeline.php(127): Illuminate\\Pipeline\\Pipeline->{closure:{closure:Illuminate\\Pipeline\\Pipeline::carry():184}:185}(Object(Illuminate\\Http\\Request))
#12 /Users/unknwnkate/Desktop/hoffman-project/hoffman-backend/vendor/laravel/framework/src/Illuminate/Routing/Router.php(807): Illuminate\\Pipeline\\Pipeline->then(Object(Closure))
#13 /Users/unknwnkate/Desktop/hoffman-project/hoffman-backend/vendor/laravel/framework/src/Illuminate/Routing/Router.php(786): Illuminate\\Routing\\Router->runRouteWithinStack(Object(Illuminate\\Routing\\Route), Object(Illuminate\\Http\\Request))
#14 /Users/unknwnkate/Desktop/hoffman-project/hoffman-backend/vendor/laravel/framework/src/Illuminate/Routing/Router.php(750): Illuminate\\Routing\\Router->runRoute(Object(Illuminate\\Http\\Request), Object(Illuminate\\Routing\\Route))
#15 /Users/unknwnkate/Desktop/hoffman-project/hoffman-backend/vendor/laravel/framework/src/Illuminate/Routing/Router.php(739): Illuminate\\Routing\\Router->dispatchToRoute(Object(Illuminate\\Http\\Request))
#16 /Users/unknwnkate/Desktop/hoffman-project/hoffman-backend/vendor/laravel/framework/src/Illuminate/Foundation/Http/Kernel.php(201): Illuminate\\Routing\\Router->dispatch(Object(Illuminate\\Http\\Request))
#17 /Users/unknwnkate/Desktop/hoffman-project/hoffman-backend/vendor/laravel/framework/src/Illuminate/Pipeline/Pipeline.php(170): Illuminate\\Foundation\\Http\\Kernel->{closure:Illuminate\\Foundation\\Http\\Kernel::dispatchToRouter():198}(Object(Illuminate\\Http\\Request))
#18 /Users/unknwnkate/Desktop/hoffman-project/hoffman-backend/vendor/sentry/sentry-laravel/src/Sentry/Laravel/Http/FlushEventsMiddleware.php(13): Illuminate\\Pipeline\\Pipeline->{closure:Illuminate\\Pipeline\\Pipeline::prepareDestination():168}(Object(Illuminate\\Http\\Request))
#19 /Users/unknwnkate/Desktop/hoffman-project/hoffman-backend/vendor/laravel/framework/src/Illuminate/Pipeline/Pipeline.php(209): Sentry\\Laravel\\Http\\FlushEventsMiddleware->handle(Object(Illuminate\\Http\\Request), Object(Closure))
#20 /Users/unknwnkate/Desktop/hoffman-project/hoffman-backend/vendor/sentry/sentry-laravel/src/Sentry/Laravel/Http/SetRequestIpMiddleware.php(45): Illuminate\\Pipeline\\Pipeline->{closure:{closure:Illuminate\\Pipeline\\Pipeline::carry():184}:185}(Object(Illuminate\\Http\\Request))
#21 /Users/unknwnkate/Desktop/hoffman-project/hoffman-backend/vendor/laravel/framework/src/Illuminate/Pipeline/Pipeline.php(209): Sentry\\Laravel\\Http\\SetRequestIpMiddleware->handle(Object(Illuminate\\Http\\Request), Object(Closure))
#22 /Users/unknwnkate/Desktop/hoffman-project/hoffman-backend/vendor/sentry/sentry-laravel/src/Sentry/Laravel/Http/SetRequestMiddleware.php(31): Illuminate\\Pipeline\\Pipeline->{closure:{closure:Illuminate\\Pipeline\\Pipeline::carry():184}:185}(Object(Illuminate\\Http\\Request))
#23 /Users/unknwnkate/Desktop/hoffman-project/hoffman-backend/vendor/laravel/framework/src/Illuminate/Pipeline/Pipeline.php(209): Sentry\\Laravel\\Http\\SetRequestMiddleware->handle(Object(Illuminate\\Http\\Request), Object(Closure))
#24 /Users/unknwnkate/Desktop/hoffman-project/hoffman-backend/app/Http/Middleware/SentryContext.php(23): Illuminate\\Pipeline\\Pipeline->{closure:{closure:Illuminate\\Pipeline\\Pipeline::carry():184}:185}(Object(Illuminate\\Http\\Request))
#25 /Users/unknwnkate/Desktop/hoffman-project/hoffman-backend/vendor/laravel/framework/src/Illuminate/Pipeline/Pipeline.php(209): App\\Http\\Middleware\\SentryContext->handle(Object(Illuminate\\Http\\Request), Object(Closure))
#26 /Users/unknwnkate/Desktop/hoffman-project/hoffman-backend/vendor/laravel/framework/src/Illuminate/Foundation/Http/Middleware/TransformsRequest.php(21): Illuminate\\Pipeline\\Pipeline->{closure:{closure:Illuminate\\Pipeline\\Pipeline::carry():184}:185}(Object(Illuminate\\Http\\Request))
#27 /Users/unknwnkate/Desktop/hoffman-project/hoffman-backend/vendor/laravel/framework/src/Illuminate/Foundation/Http/Middleware/ConvertEmptyStringsToNull.php(31): Illuminate\\Foundation\\Http\\Middleware\\TransformsRequest->handle(Object(Illuminate\\Http\\Request), Object(Closure))
#28 /Users/unknwnkate/Desktop/hoffman-project/hoffman-backend/vendor/laravel/framework/src/Illuminate/Pipeline/Pipeline.php(209): Illuminate\\Foundation\\Http\\Middleware\\ConvertEmptyStringsToNull->handle(Object(Illuminate\\Http\\Request), Object(Closure))
#29 /Users/unknwnkate/Desktop/hoffman-project/hoffman-backend/vendor/laravel/framework/src/Illuminate/Foundation/Http/Middleware/TransformsRequest.php(21): Illuminate\\Pipeline\\Pipeline->{closure:{closure:Illuminate\\Pipeline\\Pipeline::carry():184}:185}(Object(Illuminate\\Http\\Request))
#30 /Users/unknwnkate/Desktop/hoffman-project/hoffman-backend/vendor/laravel/framework/src/Illuminate/Foundation/Http/Middleware/TrimStrings.php(51): Illuminate\\Foundation\\Http\\Middleware\\TransformsRequest->handle(Object(Illuminate\\Http\\Request), Object(Closure))
#31 /Users/unknwnkate/Desktop/hoffman-project/hoffman-backend/vendor/laravel/framework/src/Illuminate/Pipeline/Pipeline.php(209): Illuminate\\Foundation\\Http\\Middleware\\TrimStrings->handle(Object(Illuminate\\Http\\Request), Object(Closure))
#32 /Users/unknwnkate/Desktop/hoffman-project/hoffman-backend/vendor/laravel/framework/src/Illuminate/Http/Middleware/ValidatePostSize.php(27): Illuminate\\Pipeline\\Pipeline->{closure:{closure:Illuminate\\Pipeline\\Pipeline::carry():184}:185}(Object(Illuminate\\Http\\Request))
#33 /Users/unknwnkate/Desktop/hoffman-project/hoffman-backend/vendor/laravel/framework/src/Illuminate/Pipeline/Pipeline.php(209): Illuminate\\Http\\Middleware\\ValidatePostSize->handle(Object(Illuminate\\Http\\Request), Object(Closure))
#34 /Users/unknwnkate/Desktop/hoffman-project/hoffman-backend/vendor/laravel/framework/src/Illuminate/Foundation/Http/Middleware/PreventRequestsDuringMaintenance.php(110): Illuminate\\Pipeline\\Pipeline->{closure:{closure:Illuminate\\Pipeline\\Pipeline::carry():184}:185}(Object(Illuminate\\Http\\Request))
#35 /Users/unknwnkate/Desktop/hoffman-project/hoffman-backend/vendor/laravel/framework/src/Illuminate/Pipeline/Pipeline.php(209): Illuminate\\Foundation\\Http\\Middleware\\PreventRequestsDuringMaintenance->handle(Object(Illuminate\\Http\\Request), Object(Closure))
#36 /Users/unknwnkate/Desktop/hoffman-project/hoffman-backend/vendor/laravel/framework/src/Illuminate/Http/Middleware/HandleCors.php(62): Illuminate\\Pipeline\\Pipeline->{closure:{closure:Illuminate\\Pipeline\\Pipeline::carry():184}:185}(Object(Illuminate\\Http\\Request))
#37 /Users/unknwnkate/Desktop/hoffman-project/hoffman-backend/vendor/laravel/framework/src/Illuminate/Pipeline/Pipeline.php(209): Illuminate\\Http\\Middleware\\HandleCors->handle(Object(Illuminate\\Http\\Request), Object(Closure))
#38 /Users/unknwnkate/Desktop/hoffman-project/hoffman-backend/vendor/laravel/framework/src/Illuminate/Http/Middleware/TrustProxies.php(58): Illuminate\\Pipeline\\Pipeline->{closure:{closure:Illuminate\\Pipeline\\Pipeline::carry():184}:185}(Object(Illuminate\\Http\\Request))
#39 /Users/unknwnkate/Desktop/hoffman-project/hoffman-backend/vendor/laravel/framework/src/Illuminate/Pipeline/Pipeline.php(209): Illuminate\\Http\\Middleware\\TrustProxies->handle(Object(Illuminate\\Http\\Request), Object(Closure))
#40 /Users/unknwnkate/Desktop/hoffman-project/hoffman-backend/vendor/laravel/framework/src/Illuminate/Foundation/Http/Middleware/InvokeDeferredCallbacks.php(22): Illuminate\\Pipeline\\Pipeline->{closure:{closure:Illuminate\\Pipeline\\Pipeline::carry():184}:185}(Object(Illuminate\\Http\\Request))
#41 /Users/unknwnkate/Desktop/hoffman-project/hoffman-backend/vendor/laravel/framework/src/Illuminate/Pipeline/Pipeline.php(209): Illuminate\\Foundation\\Http\\Middleware\\InvokeDeferredCallbacks->handle(Object(Illuminate\\Http\\Request), Object(Closure))
#42 /Users/unknwnkate/Desktop/hoffman-project/hoffman-backend/vendor/sentry/sentry-laravel/src/Sentry/Laravel/Tracing/Middleware.php(79): Illuminate\\Pipeline\\Pipeline->{closure:{closure:Illuminate\\Pipeline\\Pipeline::carry():184}:185}(Object(Illuminate\\Http\\Request))
#43 /Users/unknwnkate/Desktop/hoffman-project/hoffman-backend/vendor/laravel/framework/src/Illuminate/Pipeline/Pipeline.php(209): Sentry\\Laravel\\Tracing\\Middleware->handle(Object(Illuminate\\Http\\Request), Object(Closure))
#44 /Users/unknwnkate/Desktop/hoffman-project/hoffman-backend/vendor/laravel/framework/src/Illuminate/Pipeline/Pipeline.php(127): Illuminate\\Pipeline\\Pipeline->{closure:{closure:Illuminate\\Pipeline\\Pipeline::carry():184}:185}(Object(Illuminate\\Http\\Request))
#45 /Users/unknwnkate/Desktop/hoffman-project/hoffman-backend/vendor/laravel/framework/src/Illuminate/Foundation/Http/Kernel.php(176): Illuminate\\Pipeline\\Pipeline->then(Object(Closure))
#46 /Users/unknwnkate/Desktop/hoffman-project/hoffman-backend/vendor/laravel/framework/src/Illuminate/Foundation/Http/Kernel.php(145): Illuminate\\Foundation\\Http\\Kernel->sendRequestThroughRouter(Object(Illuminate\\Http\\Request))
#47 /Users/unknwnkate/Desktop/hoffman-project/hoffman-backend/vendor/laravel/framework/src/Illuminate/Foundation/Testing/Concerns/MakesHttpRequests.php(607): Illuminate\\Foundation\\Http\\Kernel->handle(Object(Illuminate\\Http\\Request))
#48 /Users/unknwnkate/Desktop/hoffman-project/hoffman-backend/vendor/laravel/framework/src/Illuminate/Foundation/Testing/Concerns/MakesHttpRequests.php(573): Illuminate\\Foundation\\Testing\\TestCase->call('POST', '/api/v1/auth/lo...', Array, Array, Array, Array, '{\"email\":\"unkno...')
#49 /Users/unknwnkate/Desktop/hoffman-project/hoffman-backend/vendor/laravel/framework/src/Illuminate/Foundation/Testing/Concerns/MakesHttpRequests.php(411): Illuminate\\Foundation\\Testing\\TestCase->json('POST', '/api/v1/auth/lo...', Array, Array, 0)
#50 /Users/unknwnkate/Desktop/hoffman-project/hoffman-backend/tests/Feature/Auth/LoginTest.php(34): Illuminate\\Foundation\\Testing\\TestCase->postJson('/api/v1/auth/lo...', Array)
#51 /Users/unknwnkate/Desktop/hoffman-project/hoffman-backend/vendor/phpunit/phpunit/src/Framework/TestCase.php(1667): Tests\\Feature\\Auth\\LoginTest->test_it_rejects_login_with_an_unknown_email()
#52 /Users/unknwnkate/Desktop/hoffman-project/hoffman-backend/vendor/phpunit/phpunit/src/Framework/TestCase.php(519): PHPUnit\\Framework\\TestCase->runTest()
#53 /Users/unknwnkate/Desktop/hoffman-project/hoffman-backend/vendor/phpunit/phpunit/src/Framework/TestRunner/TestRunner.php(87): PHPUnit\\Framework\\TestCase->runBare()
#54 /Users/unknwnkate/Desktop/hoffman-project/hoffman-backend/vendor/phpunit/phpunit/src/Framework/TestCase.php(365): PHPUnit\\Framework\\TestRunner->run(Object(Tests\\Feature\\Auth\\LoginTest))
#55 /Users/unknwnkate/Desktop/hoffman-project/hoffman-backend/vendor/phpunit/phpunit/src/Framework/TestSuite.php(369): PHPUnit\\Framework\\TestCase->run()
#56 /Users/unknwnkate/Desktop/hoffman-project/hoffman-backend/vendor/phpunit/phpunit/src/Framework/TestSuite.php(369): PHPUnit\\Framework\\TestSuite->run()
#57 /Users/unknwnkate/Desktop/hoffman-project/hoffman-backend/vendor/phpunit/phpunit/src/TextUI/TestRunner.php(64): PHPUnit\\Framework\\TestSuite->run()
#58 /Users/unknwnkate/Desktop/hoffman-project/hoffman-backend/vendor/phpunit/phpunit/src/TextUI/Application.php(211): PHPUnit\\TextUI\\TestRunner->run(Object(PHPUnit\\TextUI\\Configuration\\Configuration), Object(PHPUnit\\Runner\\ResultCache\\DefaultResultCache), Object(PHPUnit\\Framework\\TestSuite))
#59 /Users/unknwnkate/Desktop/hoffman-project/hoffman-backend/vendor/phpunit/phpunit/phpunit(104): PHPUnit\\TextUI\\Application->run(Array)
#60 /Users/unknwnkate/Desktop/hoffman-project/hoffman-backend/vendor/bin/phpunit(122): include('/Users/unknwnka...')
#61 {main}
"} 
[2026-09-07 12:37:03] testing.ERROR:  {"exception":"[object] (App\\Domain\\Auth\\Exceptions\\InvalidCredentialsException(code: 0):  at /Users/unknwnkate/Desktop/hoffman-project/hoffman-backend/app/Domain/Auth/Services/AuthService.php:42)
[stacktrace]
#0 /Users/unknwnkate/Desktop/hoffman-project/hoffman-backend/app/Http/Controllers/Api/V1/AuthController.php(28): App\\Domain\\Auth\\Services\\AuthService->login(Array)
#1 /Users/unknwnkate/Desktop/hoffman-project/hoffman-backend/vendor/laravel/framework/src/Illuminate/Routing/ControllerDispatcher.php(47): App\\Http\\Controllers\\Api\\V1\\AuthController->login(Object(App\\Http\\Requests\\Auth\\LoginRequest))
#2 /Users/unknwnkate/Desktop/hoffman-project/hoffman-backend/vendor/sentry/sentry-laravel/src/Sentry/Laravel/Tracing/Routing/TracingControllerDispatcherTracing.php(21): Illuminate\\Routing\\ControllerDispatcher->dispatch(Object(Illuminate\\Routing\\Route), Object(App\\Http\\Controllers\\Api\\V1\\AuthController), 'login')
#3 /Users/unknwnkate/Desktop/hoffman-project/hoffman-backend/vendor/sentry/sentry-laravel/src/Sentry/Laravel/Tracing/Routing/TracingRoutingDispatcher.php(35): Sentry\\Laravel\\Tracing\\Routing\\TracingControllerDispatcherTracing->{closure:Sentry\\Laravel\\Tracing\\Routing\\TracingControllerDispatcherTracing::dispatch():20}()
#4 /Users/unknwnkate/Desktop/hoffman-project/hoffman-backend/vendor/sentry/sentry-laravel/src/Sentry/Laravel/Tracing/Routing/TracingControllerDispatcherTracing.php(20): Sentry\\Laravel\\Tracing\\Routing\\TracingRoutingDispatcher->wrapRouteDispatch(Object(Closure), Object(Illuminate\\Routing\\Route))
#5 /Users/unknwnkate/Desktop/hoffman-project/hoffman-backend/vendor/laravel/framework/src/Illuminate/Routing/Route.php(266): Sentry\\Laravel\\Tracing\\Routing\\TracingControllerDispatcherTracing->dispatch(Object(Illuminate\\Routing\\Route), Object(App\\Http\\Controllers\\Api\\V1\\AuthController), 'login')
#6 /Users/unknwnkate/Desktop/hoffman-project/hoffman-backend/vendor/laravel/framework/src/Illuminate/Routing/Route.php(212): Illuminate\\Routing\\Route->runController()
#7 /Users/unknwnkate/Desktop/hoffman-project/hoffman-backend/vendor/laravel/framework/src/Illuminate/Routing/Router.php(808): Illuminate\\Routing\\Route->run()
#8 /Users/unknwnkate/Desktop/hoffman-project/hoffman-backend/vendor/laravel/framework/src/Illuminate/Pipeline/Pipeline.php(170): Illuminate\\Routing\\Router->{closure:Illuminate\\Routing\\Router::runRouteWithinStack():807}(Object(Illuminate\\Http\\Request))
#9 /Users/unknwnkate/Desktop/hoffman-project/hoffman-backend/vendor/laravel/framework/src/Illuminate/Routing/Middleware/SubstituteBindings.php(51): Illuminate\\Pipeline\\Pipeline->{closure:Illuminate\\Pipeline\\Pipeline::prepareDestination():168}(Object(Illuminate\\Http\\Request))
#10 /Users/unknwnkate/Desktop/hoffman-project/hoffman-backend/vendor/laravel/framework/src/Illuminate/Pipeline/Pipeline.php(209): Illuminate\\Routing\\Middleware\\SubstituteBindings->handle(Object(Illuminate\\Http\\Request), Object(Closure))
#11 /Users/unknwnkate/Desktop/hoffman-project/hoffman-backend/vendor/laravel/framework/src/Illuminate/Pipeline/Pipeline.php(127): Illuminate\\Pipeline\\Pipeline->{closure:{closure:Illuminate\\Pipeline\\Pipeline::carry():184}:185}(Object(Illuminate\\Http\\Request))
#12 /Users/unknwnkate/Desktop/hoffman-project/hoffman-backend/vendor/laravel/framework/src/Illuminate/Routing/Router.php(807): Illuminate\\Pipeline\\Pipeline->then(Object(Closure))
#13 /Users/unknwnkate/Desktop/hoffman-project/hoffman-backend/vendor/laravel/framework/src/Illuminate/Routing/Router.php(786): Illuminate\\Routing\\Router->runRouteWithinStack(Object(Illuminate\\Routing\\Route), Object(Illuminate\\Http\\Request))
#14 /Users/unknwnkate/Desktop/hoffman-project/hoffman-backend/vendor/laravel/framework/src/Illuminate/Routing/Router.php(750): Illuminate\\Routing\\Router->runRoute(Object(Illuminate\\Http\\Request), Object(Illuminate\\Routing\\Route))
#15 /Users/unknwnkate/Desktop/hoffman-project/hoffman-backend/vendor/laravel/framework/src/Illuminate/Routing/Router.php(739): Illuminate\\Routing\\Router->dispatchToRoute(Object(Illuminate\\Http\\Request))
#16 /Users/unknwnkate/Desktop/hoffman-project/hoffman-backend/vendor/laravel/framework/src/Illuminate/Foundation/Http/Kernel.php(201): Illuminate\\Routing\\Router->dispatch(Object(Illuminate\\Http\\Request))
#17 /Users/unknwnkate/Desktop/hoffman-project/hoffman-backend/vendor/laravel/framework/src/Illuminate/Pipeline/Pipeline.php(170): Illuminate\\Foundation\\Http\\Kernel->{closure:Illuminate\\Foundation\\Http\\Kernel::dispatchToRouter():198}(Object(Illuminate\\Http\\Request))
#18 /Users/unknwnkate/Desktop/hoffman-project/hoffman-backend/vendor/sentry/sentry-laravel/src/Sentry/Laravel/Http/FlushEventsMiddleware.php(13): Illuminate\\Pipeline\\Pipeline->{closure:Illuminate\\Pipeline\\Pipeline::prepareDestination():168}(Object(Illuminate\\Http\\Request))
#19 /Users/unknwnkate/Desktop/hoffman-project/hoffman-backend/vendor/laravel/framework/src/Illuminate/Pipeline/Pipeline.php(209): Sentry\\Laravel\\Http\\FlushEventsMiddleware->handle(Object(Illuminate\\Http\\Request), Object(Closure))
#20 /Users/unknwnkate/Desktop/hoffman-project/hoffman-backend/vendor/sentry/sentry-laravel/src/Sentry/Laravel/Http/SetRequestIpMiddleware.php(45): Illuminate\\Pipeline\\Pipeline->{closure:{closure:Illuminate\\Pipeline\\Pipeline::carry():184}:185}(Object(Illuminate\\Http\\Request))
#21 /Users/unknwnkate/Desktop/hoffman-project/hoffman-backend/vendor/laravel/framework/src/Illuminate/Pipeline/Pipeline.php(209): Sentry\\Laravel\\Http\\SetRequestIpMiddleware->handle(Object(Illuminate\\Http\\Request), Object(Closure))
#22 /Users/unknwnkate/Desktop/hoffman-project/hoffman-backend/vendor/sentry/sentry-laravel/src/Sentry/Laravel/Http/SetRequestMiddleware.php(31): Illuminate\\Pipeline\\Pipeline->{closure:{closure:Illuminate\\Pipeline\\Pipeline::carry():184}:185}(Object(Illuminate\\Http\\Request))
#23 /Users/unknwnkate/Desktop/hoffman-project/hoffman-backend/vendor/laravel/framework/src/Illuminate/Pipeline/Pipeline.php(209): Sentry\\Laravel\\Http\\SetRequestMiddleware->handle(Object(Illuminate\\Http\\Request), Object(Closure))
#24 /Users/unknwnkate/Desktop/hoffman-project/hoffman-backend/app/Http/Middleware/SentryContext.php(23): Illuminate\\Pipeline\\Pipeline->{closure:{closure:Illuminate\\Pipeline\\Pipeline::carry():184}:185}(Object(Illuminate\\Http\\Request))
#25 /Users/unknwnkate/Desktop/hoffman-project/hoffman-backend/vendor/laravel/framework/src/Illuminate/Pipeline/Pipeline.php(209): App\\Http\\Middleware\\SentryContext->handle(Object(Illuminate\\Http\\Request), Object(Closure))
#26 /Users/unknwnkate/Desktop/hoffman-project/hoffman-backend/vendor/laravel/framework/src/Illuminate/Foundation/Http/Middleware/TransformsRequest.php(21): Illuminate\\Pipeline\\Pipeline->{closure:{closure:Illuminate\\Pipeline\\Pipeline::carry():184}:185}(Object(Illuminate\\Http\\Request))
#27 /Users/unknwnkate/Desktop/hoffman-project/hoffman-backend/vendor/laravel/framework/src/Illuminate/Foundation/Http/Middleware/ConvertEmptyStringsToNull.php(31): Illuminate\\Foundation\\Http\\Middleware\\TransformsRequest->handle(Object(Illuminate\\Http\\Request), Object(Closure))
#28 /Users/unknwnkate/Desktop/hoffman-project/hoffman-backend/vendor/laravel/framework/src/Illuminate/Pipeline/Pipeline.php(209): Illuminate\\Foundation\\Http\\Middleware\\ConvertEmptyStringsToNull->handle(Object(Illuminate\\Http\\Request), Object(Closure))
#29 /Users/unknwnkate/Desktop/hoffman-project/hoffman-backend/vendor/laravel/framework/src/Illuminate/Foundation/Http/Middleware/TransformsRequest.php(21): Illuminate\\Pipeline\\Pipeline->{closure:{closure:Illuminate\\Pipeline\\Pipeline::carry():184}:185}(Object(Illuminate\\Http\\Request))
#30 /Users/unknwnkate/Desktop/hoffman-project/hoffman-backend/vendor/laravel/framework/src/Illuminate/Foundation/Http/Middleware/TrimStrings.php(51): Illuminate\\Foundation\\Http\\Middleware\\TransformsRequest->handle(Object(Illuminate\\Http\\Request), Object(Closure))
#31 /Users/unknwnkate/Desktop/hoffman-project/hoffman-backend/vendor/laravel/framework/src/Illuminate/Pipeline/Pipeline.php(209): Illuminate\\Foundation\\Http\\Middleware\\TrimStrings->handle(Object(Illuminate\\Http\\Request), Object(Closure))
#32 /Users/unknwnkate/Desktop/hoffman-project/hoffman-backend/vendor/laravel/framework/src/Illuminate/Http/Middleware/ValidatePostSize.php(27): Illuminate\\Pipeline\\Pipeline->{closure:{closure:Illuminate\\Pipeline\\Pipeline::carry():184}:185}(Object(Illuminate\\Http\\Request))
#33 /Users/unknwnkate/Desktop/hoffman-project/hoffman-backend/vendor/laravel/framework/src/Illuminate/Pipeline/Pipeline.php(209): Illuminate\\Http\\Middleware\\ValidatePostSize->handle(Object(Illuminate\\Http\\Request), Object(Closure))
#34 /Users/unknwnkate/Desktop/hoffman-project/hoffman-backend/vendor/laravel/framework/src/Illuminate/Foundation/Http/Middleware/PreventRequestsDuringMaintenance.php(110): Illuminate\\Pipeline\\Pipeline->{closure:{closure:Illuminate\\Pipeline\\Pipeline::carry():184}:185}(Object(Illuminate\\Http\\Request))
#35 /Users/unknwnkate/Desktop/hoffman-project/hoffman-backend/vendor/laravel/framework/src/Illuminate/Pipeline/Pipeline.php(209): Illuminate\\Foundation\\Http\\Middleware\\PreventRequestsDuringMaintenance->handle(Object(Illuminate\\Http\\Request), Object(Closure))
#36 /Users/unknwnkate/Desktop/hoffman-project/hoffman-backend/vendor/laravel/framework/src/Illuminate/Http/Middleware/HandleCors.php(62): Illuminate\\Pipeline\\Pipeline->{closure:{closure:Illuminate\\Pipeline\\Pipeline::carry():184}:185}(Object(Illuminate\\Http\\Request))
#37 /Users/unknwnkate/Desktop/hoffman-project/hoffman-backend/vendor/laravel/framework/src/Illuminate/Pipeline/Pipeline.php(209): Illuminate\\Http\\Middleware\\HandleCors->handle(Object(Illuminate\\Http\\Request), Object(Closure))
#38 /Users/unknwnkate/Desktop/hoffman-project/hoffman-backend/vendor/laravel/framework/src/Illuminate/Http/Middleware/TrustProxies.php(58): Illuminate\\Pipeline\\Pipeline->{closure:{closure:Illuminate\\Pipeline\\Pipeline::carry():184}:185}(Object(Illuminate\\Http\\Request))
#39 /Users/unknwnkate/Desktop/hoffman-project/hoffman-backend/vendor/laravel/framework/src/Illuminate/Pipeline/Pipeline.php(209): Illuminate\\Http\\Middleware\\TrustProxies->handle(Object(Illuminate\\Http\\Request), Object(Closure))
#40 /Users/unknwnkate/Desktop/hoffman-project/hoffman-backend/vendor/laravel/framework/src/Illuminate/Foundation/Http/Middleware/InvokeDeferredCallbacks.php(22): Illuminate\\Pipeline\\Pipeline->{closure:{closure:Illuminate\\Pipeline\\Pipeline::carry():184}:185}(Object(Illuminate\\Http\\Request))
#41 /Users/unknwnkate/Desktop/hoffman-project/hoffman-backend/vendor/laravel/framework/src/Illuminate/Pipeline/Pipeline.php(209): Illuminate\\Foundation\\Http\\Middleware\\InvokeDeferredCallbacks->handle(Object(Illuminate\\Http\\Request), Object(Closure))
#42 /Users/unknwnkate/Desktop/hoffman-project/hoffman-backend/vendor/sentry/sentry-laravel/src/Sentry/Laravel/Tracing/Middleware.php(79): Illuminate\\Pipeline\\Pipeline->{closure:{closure:Illuminate\\Pipeline\\Pipeline::carry():184}:185}(Object(Illuminate\\Http\\Request))
#43 /Users/unknwnkate/Desktop/hoffman-project/hoffman-backend/vendor/laravel/framework/src/Illuminate/Pipeline/Pipeline.php(209): Sentry\\Laravel\\Tracing\\Middleware->handle(Object(Illuminate\\Http\\Request), Object(Closure))
#44 /Users/unknwnkate/Desktop/hoffman-project/hoffman-backend/vendor/laravel/framework/src/Illuminate/Pipeline/Pipeline.php(127): Illuminate\\Pipeline\\Pipeline->{closure:{closure:Illuminate\\Pipeline\\Pipeline::carry():184}:185}(Object(Illuminate\\Http\\Request))
#45 /Users/unknwnkate/Desktop/hoffman-project/hoffman-backend/vendor/laravel/framework/src/Illuminate/Foundation/Http/Kernel.php(176): Illuminate\\Pipeline\\Pipeline->then(Object(Closure))
#46 /Users/unknwnkate/Desktop/hoffman-project/hoffman-backend/vendor/laravel/framework/src/Illuminate/Foundation/Http/Kernel.php(145): Illuminate\\Foundation\\Http\\Kernel->sendRequestThroughRouter(Object(Illuminate\\Http\\Request))
#47 /Users/unknwnkate/Desktop/hoffman-project/hoffman-backend/vendor/laravel/framework/src/Illuminate/Foundation/Testing/Concerns/MakesHttpRequests.php(607): Illuminate\\Foundation\\Http\\Kernel->handle(Object(Illuminate\\Http\\Request))
#48 /Users/unknwnkate/Desktop/hoffman-project/hoffman-backend/vendor/laravel/framework/src/Illuminate/Foundation/Testing/Concerns/MakesHttpRequests.php(573): Illuminate\\Foundation\\Testing\\TestCase->call('POST', '/api/v1/auth/lo...', Array, Array, Array, Array, '{\"email\":\"jane@...')
#49 /Users/unknwnkate/Desktop/hoffman-project/hoffman-backend/vendor/laravel/framework/src/Illuminate/Foundation/Testing/Concerns/MakesHttpRequests.php(411): Illuminate\\Foundation\\Testing\\TestCase->json('POST', '/api/v1/auth/lo...', Array, Array, 0)
#50 /Users/unknwnkate/Desktop/hoffman-project/hoffman-backend/tests/Feature/Auth/LoginTest.php(50): Illuminate\\Foundation\\Testing\\TestCase->postJson('/api/v1/auth/lo...', Array)
#51 /Users/unknwnkate/Desktop/hoffman-project/hoffman-backend/vendor/phpunit/phpunit/src/Framework/TestCase.php(1667): Tests\\Feature\\Auth\\LoginTest->test_it_rejects_login_with_an_incorrect_password()
#52 /Users/unknwnkate/Desktop/hoffman-project/hoffman-backend/vendor/phpunit/phpunit/src/Framework/TestCase.php(519): PHPUnit\\Framework\\TestCase->runTest()
#53 /Users/unknwnkate/Desktop/hoffman-project/hoffman-backend/vendor/phpunit/phpunit/src/Framework/TestRunner/TestRunner.php(87): PHPUnit\\Framework\\TestCase->runBare()
#54 /Users/unknwnkate/Desktop/hoffman-project/hoffman-backend/vendor/phpunit/phpunit/src/Framework/TestCase.php(365): PHPUnit\\Framework\\TestRunner->run(Object(Tests\\Feature\\Auth\\LoginTest))
#55 /Users/unknwnkate/Desktop/hoffman-project/hoffman-backend/vendor/phpunit/phpunit/src/Framework/TestSuite.php(369): PHPUnit\\Framework\\TestCase->run()
#56 /Users/unknwnkate/Desktop/hoffman-project/hoffman-backend/vendor/phpunit/phpunit/src/Framework/TestSuite.php(369): PHPUnit\\Framework\\TestSuite->run()
#57 /Users/unknwnkate/Desktop/hoffman-project/hoffman-backend/vendor/phpunit/phpunit/src/TextUI/TestRunner.php(64): PHPUnit\\Framework\\TestSuite->run()
#58 /Users/unknwnkate/Desktop/hoffman-project/hoffman-backend/vendor/phpunit/phpunit/src/TextUI/Application.php(211): PHPUnit\\TextUI\\TestRunner->run(Object(PHPUnit\\TextUI\\Configuration\\Configuration), Object(PHPUnit\\Runner\\ResultCache\\DefaultResultCache), Object(PHPUnit\\Framework\\TestSuite))
#59 /Users/unknwnkate/Desktop/hoffman-project/hoffman-backend/vendor/phpunit/phpunit/phpunit(104): PHPUnit\\TextUI\\Application->run(Array)
#60 /Users/unknwnkate/Desktop/hoffman-project/hoffman-backend/vendor/bin/phpunit(122): include('/Users/unknwnka...')
#61 {main}
"} 
[2026-09-07 12:37:10] testing.ERROR:  {"exception":"[object] (App\\Domain\\Auth\\Exceptions\\InvalidCredentialsException(code: 0):  at /Users/unknwnkate/Desktop/hoffman-project/hoffman-backend/app/Domain/Auth/Services/AuthService.php:42)
[stacktrace]
#0 /Users/unknwnkate/Desktop/hoffman-project/hoffman-backend/app/Http/Controllers/Api/V1/AuthController.php(28): App\\Domain\\Auth\\Services\\AuthService->login(Array)
#1 /Users/unknwnkate/Desktop/hoffman-project/hoffman-backend/vendor/laravel/framework/src/Illuminate/Routing/ControllerDispatcher.php(47): App\\Http\\Controllers\\Api\\V1\\AuthController->login(Object(App\\Http\\Requests\\Auth\\LoginRequest))
#2 /Users/unknwnkate/Desktop/hoffman-project/hoffman-backend/vendor/sentry/sentry-laravel/src/Sentry/Laravel/Tracing/Routing/TracingControllerDispatcherTracing.php(21): Illuminate\\Routing\\ControllerDispatcher->dispatch(Object(Illuminate\\Routing\\Route), Object(App\\Http\\Controllers\\Api\\V1\\AuthController), 'login')
#3 /Users/unknwnkate/Desktop/hoffman-project/hoffman-backend/vendor/sentry/sentry-laravel/src/Sentry/Laravel/Tracing/Routing/TracingRoutingDispatcher.php(35): Sentry\\Laravel\\Tracing\\Routing\\TracingControllerDispatcherTracing->{closure:Sentry\\Laravel\\Tracing\\Routing\\TracingControllerDispatcherTracing::dispatch():20}()
#4 /Users/unknwnkate/Desktop/hoffman-project/hoffman-backend/vendor/sentry/sentry-laravel/src/Sentry/Laravel/Tracing/Routing/TracingControllerDispatcherTracing.php(20): Sentry\\Laravel\\Tracing\\Routing\\TracingRoutingDispatcher->wrapRouteDispatch(Object(Closure), Object(Illuminate\\Routing\\Route))
#5 /Users/unknwnkate/Desktop/hoffman-project/hoffman-backend/vendor/laravel/framework/src/Illuminate/Routing/Route.php(266): Sentry\\Laravel\\Tracing\\Routing\\TracingControllerDispatcherTracing->dispatch(Object(Illuminate\\Routing\\Route), Object(App\\Http\\Controllers\\Api\\V1\\AuthController), 'login')
#6 /Users/unknwnkate/Desktop/hoffman-project/hoffman-backend/vendor/laravel/framework/src/Illuminate/Routing/Route.php(212): Illuminate\\Routing\\Route->runController()
#7 /Users/unknwnkate/Desktop/hoffman-project/hoffman-backend/vendor/laravel/framework/src/Illuminate/Routing/Router.php(808): Illuminate\\Routing\\Route->run()
#8 /Users/unknwnkate/Desktop/hoffman-project/hoffman-backend/vendor/laravel/framework/src/Illuminate/Pipeline/Pipeline.php(170): Illuminate\\Routing\\Router->{closure:Illuminate\\Routing\\Router::runRouteWithinStack():807}(Object(Illuminate\\Http\\Request))
#9 /Users/unknwnkate/Desktop/hoffman-project/hoffman-backend/vendor/laravel/framework/src/Illuminate/Routing/Middleware/SubstituteBindings.php(51): Illuminate\\Pipeline\\Pipeline->{closure:Illuminate\\Pipeline\\Pipeline::prepareDestination():168}(Object(Illuminate\\Http\\Request))
#10 /Users/unknwnkate/Desktop/hoffman-project/hoffman-backend/vendor/laravel/framework/src/Illuminate/Pipeline/Pipeline.php(209): Illuminate\\Routing\\Middleware\\SubstituteBindings->handle(Object(Illuminate\\Http\\Request), Object(Closure))
#11 /Users/unknwnkate/Desktop/hoffman-project/hoffman-backend/vendor/laravel/framework/src/Illuminate/Pipeline/Pipeline.php(127): Illuminate\\Pipeline\\Pipeline->{closure:{closure:Illuminate\\Pipeline\\Pipeline::carry():184}:185}(Object(Illuminate\\Http\\Request))
#12 /Users/unknwnkate/Desktop/hoffman-project/hoffman-backend/vendor/laravel/framework/src/Illuminate/Routing/Router.php(807): Illuminate\\Pipeline\\Pipeline->then(Object(Closure))
#13 /Users/unknwnkate/Desktop/hoffman-project/hoffman-backend/vendor/laravel/framework/src/Illuminate/Routing/Router.php(786): Illuminate\\Routing\\Router->runRouteWithinStack(Object(Illuminate\\Routing\\Route), Object(Illuminate\\Http\\Request))
#14 /Users/unknwnkate/Desktop/hoffman-project/hoffman-backend/vendor/laravel/framework/src/Illuminate/Routing/Router.php(750): Illuminate\\Routing\\Router->runRoute(Object(Illuminate\\Http\\Request), Object(Illuminate\\Routing\\Route))
#15 /Users/unknwnkate/Desktop/hoffman-project/hoffman-backend/vendor/laravel/framework/src/Illuminate/Routing/Router.php(739): Illuminate\\Routing\\Router->dispatchToRoute(Object(Illuminate\\Http\\Request))
#16 /Users/unknwnkate/Desktop/hoffman-project/hoffman-backend/vendor/laravel/framework/src/Illuminate/Foundation/Http/Kernel.php(201): Illuminate\\Routing\\Router->dispatch(Object(Illuminate\\Http\\Request))
#17 /Users/unknwnkate/Desktop/hoffman-project/hoffman-backend/vendor/laravel/framework/src/Illuminate/Pipeline/Pipeline.php(170): Illuminate\\Foundation\\Http\\Kernel->{closure:Illuminate\\Foundation\\Http\\Kernel::dispatchToRouter():198}(Object(Illuminate\\Http\\Request))
#18 /Users/unknwnkate/Desktop/hoffman-project/hoffman-backend/vendor/sentry/sentry-laravel/src/Sentry/Laravel/Http/FlushEventsMiddleware.php(13): Illuminate\\Pipeline\\Pipeline->{closure:Illuminate\\Pipeline\\Pipeline::prepareDestination():168}(Object(Illuminate\\Http\\Request))
#19 /Users/unknwnkate/Desktop/hoffman-project/hoffman-backend/vendor/laravel/framework/src/Illuminate/Pipeline/Pipeline.php(209): Sentry\\Laravel\\Http\\FlushEventsMiddleware->handle(Object(Illuminate\\Http\\Request), Object(Closure))
#20 /Users/unknwnkate/Desktop/hoffman-project/hoffman-backend/vendor/sentry/sentry-laravel/src/Sentry/Laravel/Http/SetRequestIpMiddleware.php(45): Illuminate\\Pipeline\\Pipeline->{closure:{closure:Illuminate\\Pipeline\\Pipeline::carry():184}:185}(Object(Illuminate\\Http\\Request))
#21 /Users/unknwnkate/Desktop/hoffman-project/hoffman-backend/vendor/laravel/framework/src/Illuminate/Pipeline/Pipeline.php(209): Sentry\\Laravel\\Http\\SetRequestIpMiddleware->handle(Object(Illuminate\\Http\\Request), Object(Closure))
#22 /Users/unknwnkate/Desktop/hoffman-project/hoffman-backend/vendor/sentry/sentry-laravel/src/Sentry/Laravel/Http/SetRequestMiddleware.php(31): Illuminate\\Pipeline\\Pipeline->{closure:{closure:Illuminate\\Pipeline\\Pipeline::carry():184}:185}(Object(Illuminate\\Http\\Request))
#23 /Users/unknwnkate/Desktop/hoffman-project/hoffman-backend/vendor/laravel/framework/src/Illuminate/Pipeline/Pipeline.php(209): Sentry\\Laravel\\Http\\SetRequestMiddleware->handle(Object(Illuminate\\Http\\Request), Object(Closure))
#24 /Users/unknwnkate/Desktop/hoffman-project/hoffman-backend/app/Http/Middleware/SentryContext.php(23): Illuminate\\Pipeline\\Pipeline->{closure:{closure:Illuminate\\Pipeline\\Pipeline::carry():184}:185}(Object(Illuminate\\Http\\Request))
#25 /Users/unknwnkate/Desktop/hoffman-project/hoffman-backend/vendor/laravel/framework/src/Illuminate/Pipeline/Pipeline.php(209): App\\Http\\Middleware\\SentryContext->handle(Object(Illuminate\\Http\\Request), Object(Closure))
#26 /Users/unknwnkate/Desktop/hoffman-project/hoffman-backend/vendor/laravel/framework/src/Illuminate/Foundation/Http/Middleware/TransformsRequest.php(21): Illuminate\\Pipeline\\Pipeline->{closure:{closure:Illuminate\\Pipeline\\Pipeline::carry():184}:185}(Object(Illuminate\\Http\\Request))
#27 /Users/unknwnkate/Desktop/hoffman-project/hoffman-backend/vendor/laravel/framework/src/Illuminate/Foundation/Http/Middleware/ConvertEmptyStringsToNull.php(31): Illuminate\\Foundation\\Http\\Middleware\\TransformsRequest->handle(Object(Illuminate\\Http\\Request), Object(Closure))
#28 /Users/unknwnkate/Desktop/hoffman-project/hoffman-backend/vendor/laravel/framework/src/Illuminate/Pipeline/Pipeline.php(209): Illuminate\\Foundation\\Http\\Middleware\\ConvertEmptyStringsToNull->handle(Object(Illuminate\\Http\\Request), Object(Closure))
#29 /Users/unknwnkate/Desktop/hoffman-project/hoffman-backend/vendor/laravel/framework/src/Illuminate/Foundation/Http/Middleware/TransformsRequest.php(21): Illuminate\\Pipeline\\Pipeline->{closure:{closure:Illuminate\\Pipeline\\Pipeline::carry():184}:185}(Object(Illuminate\\Http\\Request))
#30 /Users/unknwnkate/Desktop/hoffman-project/hoffman-backend/vendor/laravel/framework/src/Illuminate/Foundation/Http/Middleware/TrimStrings.php(51): Illuminate\\Foundation\\Http\\Middleware\\TransformsRequest->handle(Object(Illuminate\\Http\\Request), Object(Closure))
#31 /Users/unknwnkate/Desktop/hoffman-project/hoffman-backend/vendor/laravel/framework/src/Illuminate/Pipeline/Pipeline.php(209): Illuminate\\Foundation\\Http\\Middleware\\TrimStrings->handle(Object(Illuminate\\Http\\Request), Object(Closure))
#32 /Users/unknwnkate/Desktop/hoffman-project/hoffman-backend/vendor/laravel/framework/src/Illuminate/Http/Middleware/ValidatePostSize.php(27): Illuminate\\Pipeline\\Pipeline->{closure:{closure:Illuminate\\Pipeline\\Pipeline::carry():184}:185}(Object(Illuminate\\Http\\Request))
#33 /Users/unknwnkate/Desktop/hoffman-project/hoffman-backend/vendor/laravel/framework/src/Illuminate/Pipeline/Pipeline.php(209): Illuminate\\Http\\Middleware\\ValidatePostSize->handle(Object(Illuminate\\Http\\Request), Object(Closure))
#34 /Users/unknwnkate/Desktop/hoffman-project/hoffman-backend/vendor/laravel/framework/src/Illuminate/Foundation/Http/Middleware/PreventRequestsDuringMaintenance.php(110): Illuminate\\Pipeline\\Pipeline->{closure:{closure:Illuminate\\Pipeline\\Pipeline::carry():184}:185}(Object(Illuminate\\Http\\Request))
#35 /Users/unknwnkate/Desktop/hoffman-project/hoffman-backend/vendor/laravel/framework/src/Illuminate/Pipeline/Pipeline.php(209): Illuminate\\Foundation\\Http\\Middleware\\PreventRequestsDuringMaintenance->handle(Object(Illuminate\\Http\\Request), Object(Closure))
#36 /Users/unknwnkate/Desktop/hoffman-project/hoffman-backend/vendor/laravel/framework/src/Illuminate/Http/Middleware/HandleCors.php(62): Illuminate\\Pipeline\\Pipeline->{closure:{closure:Illuminate\\Pipeline\\Pipeline::carry():184}:185}(Object(Illuminate\\Http\\Request))
#37 /Users/unknwnkate/Desktop/hoffman-project/hoffman-backend/vendor/laravel/framework/src/Illuminate/Pipeline/Pipeline.php(209): Illuminate\\Http\\Middleware\\HandleCors->handle(Object(Illuminate\\Http\\Request), Object(Closure))
#38 /Users/unknwnkate/Desktop/hoffman-project/hoffman-backend/vendor/laravel/framework/src/Illuminate/Http/Middleware/TrustProxies.php(58): Illuminate\\Pipeline\\Pipeline->{closure:{closure:Illuminate\\Pipeline\\Pipeline::carry():184}:185}(Object(Illuminate\\Http\\Request))
#39 /Users/unknwnkate/Desktop/hoffman-project/hoffman-backend/vendor/laravel/framework/src/Illuminate/Pipeline/Pipeline.php(209): Illuminate\\Http\\Middleware\\TrustProxies->handle(Object(Illuminate\\Http\\Request), Object(Closure))
#40 /Users/unknwnkate/Desktop/hoffman-project/hoffman-backend/vendor/laravel/framework/src/Illuminate/Foundation/Http/Middleware/InvokeDeferredCallbacks.php(22): Illuminate\\Pipeline\\Pipeline->{closure:{closure:Illuminate\\Pipeline\\Pipeline::carry():184}:185}(Object(Illuminate\\Http\\Request))
#41 /Users/unknwnkate/Desktop/hoffman-project/hoffman-backend/vendor/laravel/framework/src/Illuminate/Pipeline/Pipeline.php(209): Illuminate\\Foundation\\Http\\Middleware\\InvokeDeferredCallbacks->handle(Object(Illuminate\\Http\\Request), Object(Closure))
#42 /Users/unknwnkate/Desktop/hoffman-project/hoffman-backend/vendor/sentry/sentry-laravel/src/Sentry/Laravel/Tracing/Middleware.php(79): Illuminate\\Pipeline\\Pipeline->{closure:{closure:Illuminate\\Pipeline\\Pipeline::carry():184}:185}(Object(Illuminate\\Http\\Request))
#43 /Users/unknwnkate/Desktop/hoffman-project/hoffman-backend/vendor/laravel/framework/src/Illuminate/Pipeline/Pipeline.php(209): Sentry\\Laravel\\Tracing\\Middleware->handle(Object(Illuminate\\Http\\Request), Object(Closure))
#44 /Users/unknwnkate/Desktop/hoffman-project/hoffman-backend/vendor/laravel/framework/src/Illuminate/Pipeline/Pipeline.php(127): Illuminate\\Pipeline\\Pipeline->{closure:{closure:Illuminate\\Pipeline\\Pipeline::carry():184}:185}(Object(Illuminate\\Http\\Request))
#45 /Users/unknwnkate/Desktop/hoffman-project/hoffman-backend/vendor/laravel/framework/src/Illuminate/Foundation/Http/Kernel.php(176): Illuminate\\Pipeline\\Pipeline->then(Object(Closure))
#46 /Users/unknwnkate/Desktop/hoffman-project/hoffman-backend/vendor/laravel/framework/src/Illuminate/Foundation/Http/Kernel.php(145): Illuminate\\Foundation\\Http\\Kernel->sendRequestThroughRouter(Object(Illuminate\\Http\\Request))
#47 /Users/unknwnkate/Desktop/hoffman-project/hoffman-backend/vendor/laravel/framework/src/Illuminate/Foundation/Testing/Concerns/MakesHttpRequests.php(607): Illuminate\\Foundation\\Http\\Kernel->handle(Object(Illuminate\\Http\\Request))
#48 /Users/unknwnkate/Desktop/hoffman-project/hoffman-backend/vendor/laravel/framework/src/Illuminate/Foundation/Testing/Concerns/MakesHttpRequests.php(573): Illuminate\\Foundation\\Testing\\TestCase->call('POST', '/api/v1/auth/lo...', Array, Array, Array, Array, '{\"email\":\"unkno...')
#49 /Users/unknwnkate/Desktop/hoffman-project/hoffman-backend/vendor/laravel/framework/src/Illuminate/Foundation/Testing/Concerns/MakesHttpRequests.php(411): Illuminate\\Foundation\\Testing\\TestCase->json('POST', '/api/v1/auth/lo...', Array, Array, 0)
#50 /Users/unknwnkate/Desktop/hoffman-project/hoffman-backend/tests/Feature/Auth/LoginTest.php(34): Illuminate\\Foundation\\Testing\\TestCase->postJson('/api/v1/auth/lo...', Array)
#51 /Users/unknwnkate/Desktop/hoffman-project/hoffman-backend/vendor/phpunit/phpunit/src/Framework/TestCase.php(1667): Tests\\Feature\\Auth\\LoginTest->test_it_rejects_login_with_an_unknown_email()
#52 /Users/unknwnkate/Desktop/hoffman-project/hoffman-backend/vendor/phpunit/phpunit/src/Framework/TestCase.php(519): PHPUnit\\Framework\\TestCase->runTest()
#53 /Users/unknwnkate/Desktop/hoffman-project/hoffman-backend/vendor/phpunit/phpunit/src/Framework/TestRunner/TestRunner.php(87): PHPUnit\\Framework\\TestCase->runBare()
#54 /Users/unknwnkate/Desktop/hoffman-project/hoffman-backend/vendor/phpunit/phpunit/src/Framework/TestCase.php(365): PHPUnit\\Framework\\TestRunner->run(Object(Tests\\Feature\\Auth\\LoginTest))
#55 /Users/unknwnkate/Desktop/hoffman-project/hoffman-backend/vendor/phpunit/phpunit/src/Framework/TestSuite.php(369): PHPUnit\\Framework\\TestCase->run()
#56 /Users/unknwnkate/Desktop/hoffman-project/hoffman-backend/vendor/phpunit/phpunit/src/Framework/TestSuite.php(369): PHPUnit\\Framework\\TestSuite->run()
#57 /Users/unknwnkate/Desktop/hoffman-project/hoffman-backend/vendor/phpunit/phpunit/src/Framework/TestSuite.php(369): PHPUnit\\Framework\\TestSuite->run()
#58 /Users/unknwnkate/Desktop/hoffman-project/hoffman-backend/vendor/phpunit/phpunit/src/TextUI/TestRunner.php(64): PHPUnit\\Framework\\TestSuite->run()
#59 /Users/unknwnkate/Desktop/hoffman-project/hoffman-backend/vendor/phpunit/phpunit/src/TextUI/Application.php(211): PHPUnit\\TextUI\\TestRunner->run(Object(PHPUnit\\TextUI\\Configuration\\Configuration), Object(PHPUnit\\Runner\\ResultCache\\DefaultResultCache), Object(PHPUnit\\Framework\\TestSuite))
#60 /Users/unknwnkate/Desktop/hoffman-project/hoffman-backend/vendor/phpunit/phpunit/phpunit(104): PHPUnit\\TextUI\\Application->run(Array)
#61 /Users/unknwnkate/Desktop/hoffman-project/hoffman-backend/vendor/bin/phpunit(122): include('/Users/unknwnka...')
#62 {main}
"} 
[2026-09-07 12:37:10] testing.ERROR:  {"exception":"[object] (App\\Domain\\Auth\\Exceptions\\InvalidCredentialsException(code: 0):  at /Users/unknwnkate/Desktop/hoffman-project/hoffman-backend/app/Domain/Auth/Services/AuthService.php:42)
[stacktrace]
#0 /Users/unknwnkate/Desktop/hoffman-project/hoffman-backend/app/Http/Controllers/Api/V1/AuthController.php(28): App\\Domain\\Auth\\Services\\AuthService->login(Array)
#1 /Users/unknwnkate/Desktop/hoffman-project/hoffman-backend/vendor/laravel/framework/src/Illuminate/Routing/ControllerDispatcher.php(47): App\\Http\\Controllers\\Api\\V1\\AuthController->login(Object(App\\Http\\Requests\\Auth\\LoginRequest))
#2 /Users/unknwnkate/Desktop/hoffman-project/hoffman-backend/vendor/sentry/sentry-laravel/src/Sentry/Laravel/Tracing/Routing/TracingControllerDispatcherTracing.php(21): Illuminate\\Routing\\ControllerDispatcher->dispatch(Object(Illuminate\\Routing\\Route), Object(App\\Http\\Controllers\\Api\\V1\\AuthController), 'login')
#3 /Users/unknwnkate/Desktop/hoffman-project/hoffman-backend/vendor/sentry/sentry-laravel/src/Sentry/Laravel/Tracing/Routing/TracingRoutingDispatcher.php(35): Sentry\\Laravel\\Tracing\\Routing\\TracingControllerDispatcherTracing->{closure:Sentry\\Laravel\\Tracing\\Routing\\TracingControllerDispatcherTracing::dispatch():20}()
#4 /Users/unknwnkate/Desktop/hoffman-project/hoffman-backend/vendor/sentry/sentry-laravel/src/Sentry/Laravel/Tracing/Routing/TracingControllerDispatcherTracing.php(20): Sentry\\Laravel\\Tracing\\Routing\\TracingRoutingDispatcher->wrapRouteDispatch(Object(Closure), Object(Illuminate\\Routing\\Route))
#5 /Users/unknwnkate/Desktop/hoffman-project/hoffman-backend/vendor/laravel/framework/src/Illuminate/Routing/Route.php(266): Sentry\\Laravel\\Tracing\\Routing\\TracingControllerDispatcherTracing->dispatch(Object(Illuminate\\Routing\\Route), Object(App\\Http\\Controllers\\Api\\V1\\AuthController), 'login')
#6 /Users/unknwnkate/Desktop/hoffman-project/hoffman-backend/vendor/laravel/framework/src/Illuminate/Routing/Route.php(212): Illuminate\\Routing\\Route->runController()
#7 /Users/unknwnkate/Desktop/hoffman-project/hoffman-backend/vendor/laravel/framework/src/Illuminate/Routing/Router.php(808): Illuminate\\Routing\\Route->run()
#8 /Users/unknwnkate/Desktop/hoffman-project/hoffman-backend/vendor/laravel/framework/src/Illuminate/Pipeline/Pipeline.php(170): Illuminate\\Routing\\Router->{closure:Illuminate\\Routing\\Router::runRouteWithinStack():807}(Object(Illuminate\\Http\\Request))
#9 /Users/unknwnkate/Desktop/hoffman-project/hoffman-backend/vendor/laravel/framework/src/Illuminate/Routing/Middleware/SubstituteBindings.php(51): Illuminate\\Pipeline\\Pipeline->{closure:Illuminate\\Pipeline\\Pipeline::prepareDestination():168}(Object(Illuminate\\Http\\Request))
#10 /Users/unknwnkate/Desktop/hoffman-project/hoffman-backend/vendor/laravel/framework/src/Illuminate/Pipeline/Pipeline.php(209): Illuminate\\Routing\\Middleware\\SubstituteBindings->handle(Object(Illuminate\\Http\\Request), Object(Closure))
#11 /Users/unknwnkate/Desktop/hoffman-project/hoffman-backend/vendor/laravel/framework/src/Illuminate/Pipeline/Pipeline.php(127): Illuminate\\Pipeline\\Pipeline->{closure:{closure:Illuminate\\Pipeline\\Pipeline::carry():184}:185}(Object(Illuminate\\Http\\Request))
#12 /Users/unknwnkate/Desktop/hoffman-project/hoffman-backend/vendor/laravel/framework/src/Illuminate/Routing/Router.php(807): Illuminate\\Pipeline\\Pipeline->then(Object(Closure))
#13 /Users/unknwnkate/Desktop/hoffman-project/hoffman-backend/vendor/laravel/framework/src/Illuminate/Routing/Router.php(786): Illuminate\\Routing\\Router->runRouteWithinStack(Object(Illuminate\\Routing\\Route), Object(Illuminate\\Http\\Request))
#14 /Users/unknwnkate/Desktop/hoffman-project/hoffman-backend/vendor/laravel/framework/src/Illuminate/Routing/Router.php(750): Illuminate\\Routing\\Router->runRoute(Object(Illuminate\\Http\\Request), Object(Illuminate\\Routing\\Route))
#15 /Users/unknwnkate/Desktop/hoffman-project/hoffman-backend/vendor/laravel/framework/src/Illuminate/Routing/Router.php(739): Illuminate\\Routing\\Router->dispatchToRoute(Object(Illuminate\\Http\\Request))
#16 /Users/unknwnkate/Desktop/hoffman-project/hoffman-backend/vendor/laravel/framework/src/Illuminate/Foundation/Http/Kernel.php(201): Illuminate\\Routing\\Router->dispatch(Object(Illuminate\\Http\\Request))
#17 /Users/unknwnkate/Desktop/hoffman-project/hoffman-backend/vendor/laravel/framework/src/Illuminate/Pipeline/Pipeline.php(170): Illuminate\\Foundation\\Http\\Kernel->{closure:Illuminate\\Foundation\\Http\\Kernel::dispatchToRouter():198}(Object(Illuminate\\Http\\Request))
#18 /Users/unknwnkate/Desktop/hoffman-project/hoffman-backend/vendor/sentry/sentry-laravel/src/Sentry/Laravel/Http/FlushEventsMiddleware.php(13): Illuminate\\Pipeline\\Pipeline->{closure:Illuminate\\Pipeline\\Pipeline::prepareDestination():168}(Object(Illuminate\\Http\\Request))
#19 /Users/unknwnkate/Desktop/hoffman-project/hoffman-backend/vendor/laravel/framework/src/Illuminate/Pipeline/Pipeline.php(209): Sentry\\Laravel\\Http\\FlushEventsMiddleware->handle(Object(Illuminate\\Http\\Request), Object(Closure))
#20 /Users/unknwnkate/Desktop/hoffman-project/hoffman-backend/vendor/sentry/sentry-laravel/src/Sentry/Laravel/Http/SetRequestIpMiddleware.php(45): Illuminate\\Pipeline\\Pipeline->{closure:{closure:Illuminate\\Pipeline\\Pipeline::carry():184}:185}(Object(Illuminate\\Http\\Request))
#21 /Users/unknwnkate/Desktop/hoffman-project/hoffman-backend/vendor/laravel/framework/src/Illuminate/Pipeline/Pipeline.php(209): Sentry\\Laravel\\Http\\SetRequestIpMiddleware->handle(Object(Illuminate\\Http\\Request), Object(Closure))
#22 /Users/unknwnkate/Desktop/hoffman-project/hoffman-backend/vendor/sentry/sentry-laravel/src/Sentry/Laravel/Http/SetRequestMiddleware.php(31): Illuminate\\Pipeline\\Pipeline->{closure:{closure:Illuminate\\Pipeline\\Pipeline::carry():184}:185}(Object(Illuminate\\Http\\Request))
#23 /Users/unknwnkate/Desktop/hoffman-project/hoffman-backend/vendor/laravel/framework/src/Illuminate/Pipeline/Pipeline.php(209): Sentry\\Laravel\\Http\\SetRequestMiddleware->handle(Object(Illuminate\\Http\\Request), Object(Closure))
#24 /Users/unknwnkate/Desktop/hoffman-project/hoffman-backend/app/Http/Middleware/SentryContext.php(23): Illuminate\\Pipeline\\Pipeline->{closure:{closure:Illuminate\\Pipeline\\Pipeline::carry():184}:185}(Object(Illuminate\\Http\\Request))
#25 /Users/unknwnkate/Desktop/hoffman-project/hoffman-backend/vendor/laravel/framework/src/Illuminate/Pipeline/Pipeline.php(209): App\\Http\\Middleware\\SentryContext->handle(Object(Illuminate\\Http\\Request), Object(Closure))
#26 /Users/unknwnkate/Desktop/hoffman-project/hoffman-backend/vendor/laravel/framework/src/Illuminate/Foundation/Http/Middleware/TransformsRequest.php(21): Illuminate\\Pipeline\\Pipeline->{closure:{closure:Illuminate\\Pipeline\\Pipeline::carry():184}:185}(Object(Illuminate\\Http\\Request))
#27 /Users/unknwnkate/Desktop/hoffman-project/hoffman-backend/vendor/laravel/framework/src/Illuminate/Foundation/Http/Middleware/ConvertEmptyStringsToNull.php(31): Illuminate\\Foundation\\Http\\Middleware\\TransformsRequest->handle(Object(Illuminate\\Http\\Request), Object(Closure))
#28 /Users/unknwnkate/Desktop/hoffman-project/hoffman-backend/vendor/laravel/framework/src/Illuminate/Pipeline/Pipeline.php(209): Illuminate\\Foundation\\Http\\Middleware\\ConvertEmptyStringsToNull->handle(Object(Illuminate\\Http\\Request), Object(Closure))
#29 /Users/unknwnkate/Desktop/hoffman-project/hoffman-backend/vendor/laravel/framework/src/Illuminate/Foundation/Http/Middleware/TransformsRequest.php(21): Illuminate\\Pipeline\\Pipeline->{closure:{closure:Illuminate\\Pipeline\\Pipeline::carry():184}:185}(Object(Illuminate\\Http\\Request))
#30 /Users/unknwnkate/Desktop/hoffman-project/hoffman-backend/vendor/laravel/framework/src/Illuminate/Foundation/Http/Middleware/TrimStrings.php(51): Illuminate\\Foundation\\Http\\Middleware\\TransformsRequest->handle(Object(Illuminate\\Http\\Request), Object(Closure))
#31 /Users/unknwnkate/Desktop/hoffman-project/hoffman-backend/vendor/laravel/framework/src/Illuminate/Pipeline/Pipeline.php(209): Illuminate\\Foundation\\Http\\Middleware\\TrimStrings->handle(Object(Illuminate\\Http\\Request), Object(Closure))
#32 /Users/unknwnkate/Desktop/hoffman-project/hoffman-backend/vendor/laravel/framework/src/Illuminate/Http/Middleware/ValidatePostSize.php(27): Illuminate\\Pipeline\\Pipeline->{closure:{closure:Illuminate\\Pipeline\\Pipeline::carry():184}:185}(Object(Illuminate\\Http\\Request))
#33 /Users/unknwnkate/Desktop/hoffman-project/hoffman-backend/vendor/laravel/framework/src/Illuminate/Pipeline/Pipeline.php(209): Illuminate\\Http\\Middleware\\ValidatePostSize->handle(Object(Illuminate\\Http\\Request), Object(Closure))
#34 /Users/unknwnkate/Desktop/hoffman-project/hoffman-backend/vendor/laravel/framework/src/Illuminate/Foundation/Http/Middleware/PreventRequestsDuringMaintenance.php(110): Illuminate\\Pipeline\\Pipeline->{closure:{closure:Illuminate\\Pipeline\\Pipeline::carry():184}:185}(Object(Illuminate\\Http\\Request))
#35 /Users/unknwnkate/Desktop/hoffman-project/hoffman-backend/vendor/laravel/framework/src/Illuminate/Pipeline/Pipeline.php(209): Illuminate\\Foundation\\Http\\Middleware\\PreventRequestsDuringMaintenance->handle(Object(Illuminate\\Http\\Request), Object(Closure))
#36 /Users/unknwnkate/Desktop/hoffman-project/hoffman-backend/vendor/laravel/framework/src/Illuminate/Http/Middleware/HandleCors.php(62): Illuminate\\Pipeline\\Pipeline->{closure:{closure:Illuminate\\Pipeline\\Pipeline::carry():184}:185}(Object(Illuminate\\Http\\Request))
#37 /Users/unknwnkate/Desktop/hoffman-project/hoffman-backend/vendor/laravel/framework/src/Illuminate/Pipeline/Pipeline.php(209): Illuminate\\Http\\Middleware\\HandleCors->handle(Object(Illuminate\\Http\\Request), Object(Closure))
#38 /Users/unknwnkate/Desktop/hoffman-project/hoffman-backend/vendor/laravel/framework/src/Illuminate/Http/Middleware/TrustProxies.php(58): Illuminate\\Pipeline\\Pipeline->{closure:{closure:Illuminate\\Pipeline\\Pipeline::carry():184}:185}(Object(Illuminate\\Http\\Request))
#39 /Users/unknwnkate/Desktop/hoffman-project/hoffman-backend/vendor/laravel/framework/src/Illuminate/Pipeline/Pipeline.php(209): Illuminate\\Http\\Middleware\\TrustProxies->handle(Object(Illuminate\\Http\\Request), Object(Closure))
#40 /Users/unknwnkate/Desktop/hoffman-project/hoffman-backend/vendor/laravel/framework/src/Illuminate/Foundation/Http/Middleware/InvokeDeferredCallbacks.php(22): Illuminate\\Pipeline\\Pipeline->{closure:{closure:Illuminate\\Pipeline\\Pipeline::carry():184}:185}(Object(Illuminate\\Http\\Request))
#41 /Users/unknwnkate/Desktop/hoffman-project/hoffman-backend/vendor/laravel/framework/src/Illuminate/Pipeline/Pipeline.php(209): Illuminate\\Foundation\\Http\\Middleware\\InvokeDeferredCallbacks->handle(Object(Illuminate\\Http\\Request), Object(Closure))
#42 /Users/unknwnkate/Desktop/hoffman-project/hoffman-backend/vendor/sentry/sentry-laravel/src/Sentry/Laravel/Tracing/Middleware.php(79): Illuminate\\Pipeline\\Pipeline->{closure:{closure:Illuminate\\Pipeline\\Pipeline::carry():184}:185}(Object(Illuminate\\Http\\Request))
#43 /Users/unknwnkate/Desktop/hoffman-project/hoffman-backend/vendor/laravel/framework/src/Illuminate/Pipeline/Pipeline.php(209): Sentry\\Laravel\\Tracing\\Middleware->handle(Object(Illuminate\\Http\\Request), Object(Closure))
#44 /Users/unknwnkate/Desktop/hoffman-project/hoffman-backend/vendor/laravel/framework/src/Illuminate/Pipeline/Pipeline.php(127): Illuminate\\Pipeline\\Pipeline->{closure:{closure:Illuminate\\Pipeline\\Pipeline::carry():184}:185}(Object(Illuminate\\Http\\Request))
#45 /Users/unknwnkate/Desktop/hoffman-project/hoffman-backend/vendor/laravel/framework/src/Illuminate/Foundation/Http/Kernel.php(176): Illuminate\\Pipeline\\Pipeline->then(Object(Closure))
#46 /Users/unknwnkate/Desktop/hoffman-project/hoffman-backend/vendor/laravel/framework/src/Illuminate/Foundation/Http/Kernel.php(145): Illuminate\\Foundation\\Http\\Kernel->sendRequestThroughRouter(Object(Illuminate\\Http\\Request))
#47 /Users/unknwnkate/Desktop/hoffman-project/hoffman-backend/vendor/laravel/framework/src/Illuminate/Foundation/Testing/Concerns/MakesHttpRequests.php(607): Illuminate\\Foundation\\Http\\Kernel->handle(Object(Illuminate\\Http\\Request))
#48 /Users/unknwnkate/Desktop/hoffman-project/hoffman-backend/vendor/laravel/framework/src/Illuminate/Foundation/Testing/Concerns/MakesHttpRequests.php(573): Illuminate\\Foundation\\Testing\\TestCase->call('POST', '/api/v1/auth/lo...', Array, Array, Array, Array, '{\"email\":\"jane@...')
#49 /Users/unknwnkate/Desktop/hoffman-project/hoffman-backend/vendor/laravel/framework/src/Illuminate/Foundation/Testing/Concerns/MakesHttpRequests.php(411): Illuminate\\Foundation\\Testing\\TestCase->json('POST', '/api/v1/auth/lo...', Array, Array, 0)
#50 /Users/unknwnkate/Desktop/hoffman-project/hoffman-backend/tests/Feature/Auth/LoginTest.php(50): Illuminate\\Foundation\\Testing\\TestCase->postJson('/api/v1/auth/lo...', Array)
#51 /Users/unknwnkate/Desktop/hoffman-project/hoffman-backend/vendor/phpunit/phpunit/src/Framework/TestCase.php(1667): Tests\\Feature\\Auth\\LoginTest->test_it_rejects_login_with_an_incorrect_password()
#52 /Users/unknwnkate/Desktop/hoffman-project/hoffman-backend/vendor/phpunit/phpunit/src/Framework/TestCase.php(519): PHPUnit\\Framework\\TestCase->runTest()
#53 /Users/unknwnkate/Desktop/hoffman-project/hoffman-backend/vendor/phpunit/phpunit/src/Framework/TestRunner/TestRunner.php(87): PHPUnit\\Framework\\TestCase->runBare()
#54 /Users/unknwnkate/Desktop/hoffman-project/hoffman-backend/vendor/phpunit/phpunit/src/Framework/TestCase.php(365): PHPUnit\\Framework\\TestRunner->run(Object(Tests\\Feature\\Auth\\LoginTest))
#55 /Users/unknwnkate/Desktop/hoffman-project/hoffman-backend/vendor/phpunit/phpunit/src/Framework/TestSuite.php(369): PHPUnit\\Framework\\TestCase->run()
#56 /Users/unknwnkate/Desktop/hoffman-project/hoffman-backend/vendor/phpunit/phpunit/src/Framework/TestSuite.php(369): PHPUnit\\Framework\\TestSuite->run()
#57 /Users/unknwnkate/Desktop/hoffman-project/hoffman-backend/vendor/phpunit/phpunit/src/Framework/TestSuite.php(369): PHPUnit\\Framework\\TestSuite->run()
#58 /Users/unknwnkate/Desktop/hoffman-project/hoffman-backend/vendor/phpunit/phpunit/src/TextUI/TestRunner.php(64): PHPUnit\\Framework\\TestSuite->run()
#59 /Users/unknwnkate/Desktop/hoffman-project/hoffman-backend/vendor/phpunit/phpunit/src/TextUI/Application.php(211): PHPUnit\\TextUI\\TestRunner->run(Object(PHPUnit\\TextUI\\Configuration\\Configuration), Object(PHPUnit\\Runner\\ResultCache\\DefaultResultCache), Object(PHPUnit\\Framework\\TestSuite))
#60 /Users/unknwnkate/Desktop/hoffman-project/hoffman-backend/vendor/phpunit/phpunit/phpunit(104): PHPUnit\\TextUI\\Application->run(Array)
#61 /Users/unknwnkate/Desktop/hoffman-project/hoffman-backend/vendor/bin/phpunit(122): include('/Users/unknwnka...')
#62 {main}
"} 
[2026-09-07 12:37:32] testing.ERROR:  {"exception":"[object] (App\\Domain\\Auth\\Exceptions\\InvalidCredentialsException(code: 0):  at /Users/unknwnkate/Desktop/hoffman-project/hoffman-backend/app/Domain/Auth/Services/AuthService.php:42)
[stacktrace]
#0 /Users/unknwnkate/Desktop/hoffman-project/hoffman-backend/app/Http/Controllers/Api/V1/AuthController.php(27): App\\Domain\\Auth\\Services\\AuthService->login(Array)
#1 /Users/unknwnkate/Desktop/hoffman-project/hoffman-backend/vendor/laravel/framework/src/Illuminate/Routing/ControllerDispatcher.php(47): App\\Http\\Controllers\\Api\\V1\\AuthController->login(Object(App\\Http\\Requests\\Auth\\LoginRequest))
#2 /Users/unknwnkate/Desktop/hoffman-project/hoffman-backend/vendor/sentry/sentry-laravel/src/Sentry/Laravel/Tracing/Routing/TracingControllerDispatcherTracing.php(21): Illuminate\\Routing\\ControllerDispatcher->dispatch(Object(Illuminate\\Routing\\Route), Object(App\\Http\\Controllers\\Api\\V1\\AuthController), 'login')
#3 /Users/unknwnkate/Desktop/hoffman-project/hoffman-backend/vendor/sentry/sentry-laravel/src/Sentry/Laravel/Tracing/Routing/TracingRoutingDispatcher.php(35): Sentry\\Laravel\\Tracing\\Routing\\TracingControllerDispatcherTracing->{closure:Sentry\\Laravel\\Tracing\\Routing\\TracingControllerDispatcherTracing::dispatch():20}()
#4 /Users/unknwnkate/Desktop/hoffman-project/hoffman-backend/vendor/sentry/sentry-laravel/src/Sentry/Laravel/Tracing/Routing/TracingControllerDispatcherTracing.php(20): Sentry\\Laravel\\Tracing\\Routing\\TracingRoutingDispatcher->wrapRouteDispatch(Object(Closure), Object(Illuminate\\Routing\\Route))
#5 /Users/unknwnkate/Desktop/hoffman-project/hoffman-backend/vendor/laravel/framework/src/Illuminate/Routing/Route.php(266): Sentry\\Laravel\\Tracing\\Routing\\TracingControllerDispatcherTracing->dispatch(Object(Illuminate\\Routing\\Route), Object(App\\Http\\Controllers\\Api\\V1\\AuthController), 'login')
#6 /Users/unknwnkate/Desktop/hoffman-project/hoffman-backend/vendor/laravel/framework/src/Illuminate/Routing/Route.php(212): Illuminate\\Routing\\Route->runController()
#7 /Users/unknwnkate/Desktop/hoffman-project/hoffman-backend/vendor/laravel/framework/src/Illuminate/Routing/Router.php(808): Illuminate\\Routing\\Route->run()
#8 /Users/unknwnkate/Desktop/hoffman-project/hoffman-backend/vendor/laravel/framework/src/Illuminate/Pipeline/Pipeline.php(170): Illuminate\\Routing\\Router->{closure:Illuminate\\Routing\\Router::runRouteWithinStack():807}(Object(Illuminate\\Http\\Request))
#9 /Users/unknwnkate/Desktop/hoffman-project/hoffman-backend/vendor/laravel/framework/src/Illuminate/Routing/Middleware/SubstituteBindings.php(51): Illuminate\\Pipeline\\Pipeline->{closure:Illuminate\\Pipeline\\Pipeline::prepareDestination():168}(Object(Illuminate\\Http\\Request))
#10 /Users/unknwnkate/Desktop/hoffman-project/hoffman-backend/vendor/laravel/framework/src/Illuminate/Pipeline/Pipeline.php(209): Illuminate\\Routing\\Middleware\\SubstituteBindings->handle(Object(Illuminate\\Http\\Request), Object(Closure))
#11 /Users/unknwnkate/Desktop/hoffman-project/hoffman-backend/vendor/laravel/framework/src/Illuminate/Pipeline/Pipeline.php(127): Illuminate\\Pipeline\\Pipeline->{closure:{closure:Illuminate\\Pipeline\\Pipeline::carry():184}:185}(Object(Illuminate\\Http\\Request))
#12 /Users/unknwnkate/Desktop/hoffman-project/hoffman-backend/vendor/laravel/framework/src/Illuminate/Routing/Router.php(807): Illuminate\\Pipeline\\Pipeline->then(Object(Closure))
#13 /Users/unknwnkate/Desktop/hoffman-project/hoffman-backend/vendor/laravel/framework/src/Illuminate/Routing/Router.php(786): Illuminate\\Routing\\Router->runRouteWithinStack(Object(Illuminate\\Routing\\Route), Object(Illuminate\\Http\\Request))
#14 /Users/unknwnkate/Desktop/hoffman-project/hoffman-backend/vendor/laravel/framework/src/Illuminate/Routing/Router.php(750): Illuminate\\Routing\\Router->runRoute(Object(Illuminate\\Http\\Request), Object(Illuminate\\Routing\\Route))
#15 /Users/unknwnkate/Desktop/hoffman-project/hoffman-backend/vendor/laravel/framework/src/Illuminate/Routing/Router.php(739): Illuminate\\Routing\\Router->dispatchToRoute(Object(Illuminate\\Http\\Request))
#16 /Users/unknwnkate/Desktop/hoffman-project/hoffman-backend/vendor/laravel/framework/src/Illuminate/Foundation/Http/Kernel.php(201): Illuminate\\Routing\\Router->dispatch(Object(Illuminate\\Http\\Request))
#17 /Users/unknwnkate/Desktop/hoffman-project/hoffman-backend/vendor/laravel/framework/src/Illuminate/Pipeline/Pipeline.php(170): Illuminate\\Foundation\\Http\\Kernel->{closure:Illuminate\\Foundation\\Http\\Kernel::dispatchToRouter():198}(Object(Illuminate\\Http\\Request))
#18 /Users/unknwnkate/Desktop/hoffman-project/hoffman-backend/vendor/sentry/sentry-laravel/src/Sentry/Laravel/Http/FlushEventsMiddleware.php(13): Illuminate\\Pipeline\\Pipeline->{closure:Illuminate\\Pipeline\\Pipeline::prepareDestination():168}(Object(Illuminate\\Http\\Request))
#19 /Users/unknwnkate/Desktop/hoffman-project/hoffman-backend/vendor/laravel/framework/src/Illuminate/Pipeline/Pipeline.php(209): Sentry\\Laravel\\Http\\FlushEventsMiddleware->handle(Object(Illuminate\\Http\\Request), Object(Closure))
#20 /Users/unknwnkate/Desktop/hoffman-project/hoffman-backend/vendor/sentry/sentry-laravel/src/Sentry/Laravel/Http/SetRequestIpMiddleware.php(45): Illuminate\\Pipeline\\Pipeline->{closure:{closure:Illuminate\\Pipeline\\Pipeline::carry():184}:185}(Object(Illuminate\\Http\\Request))
#21 /Users/unknwnkate/Desktop/hoffman-project/hoffman-backend/vendor/laravel/framework/src/Illuminate/Pipeline/Pipeline.php(209): Sentry\\Laravel\\Http\\SetRequestIpMiddleware->handle(Object(Illuminate\\Http\\Request), Object(Closure))
#22 /Users/unknwnkate/Desktop/hoffman-project/hoffman-backend/vendor/sentry/sentry-laravel/src/Sentry/Laravel/Http/SetRequestMiddleware.php(31): Illuminate\\Pipeline\\Pipeline->{closure:{closure:Illuminate\\Pipeline\\Pipeline::carry():184}:185}(Object(Illuminate\\Http\\Request))
#23 /Users/unknwnkate/Desktop/hoffman-project/hoffman-backend/vendor/laravel/framework/src/Illuminate/Pipeline/Pipeline.php(209): Sentry\\Laravel\\Http\\SetRequestMiddleware->handle(Object(Illuminate\\Http\\Request), Object(Closure))
#24 /Users/unknwnkate/Desktop/hoffman-project/hoffman-backend/app/Http/Middleware/SentryContext.php(23): Illuminate\\Pipeline\\Pipeline->{closure:{closure:Illuminate\\Pipeline\\Pipeline::carry():184}:185}(Object(Illuminate\\Http\\Request))
#25 /Users/unknwnkate/Desktop/hoffman-project/hoffman-backend/vendor/laravel/framework/src/Illuminate/Pipeline/Pipeline.php(209): App\\Http\\Middleware\\SentryContext->handle(Object(Illuminate\\Http\\Request), Object(Closure))
#26 /Users/unknwnkate/Desktop/hoffman-project/hoffman-backend/vendor/laravel/framework/src/Illuminate/Foundation/Http/Middleware/TransformsRequest.php(21): Illuminate\\Pipeline\\Pipeline->{closure:{closure:Illuminate\\Pipeline\\Pipeline::carry():184}:185}(Object(Illuminate\\Http\\Request))
#27 /Users/unknwnkate/Desktop/hoffman-project/hoffman-backend/vendor/laravel/framework/src/Illuminate/Foundation/Http/Middleware/ConvertEmptyStringsToNull.php(31): Illuminate\\Foundation\\Http\\Middleware\\TransformsRequest->handle(Object(Illuminate\\Http\\Request), Object(Closure))
#28 /Users/unknwnkate/Desktop/hoffman-project/hoffman-backend/vendor/laravel/framework/src/Illuminate/Pipeline/Pipeline.php(209): Illuminate\\Foundation\\Http\\Middleware\\ConvertEmptyStringsToNull->handle(Object(Illuminate\\Http\\Request), Object(Closure))
#29 /Users/unknwnkate/Desktop/hoffman-project/hoffman-backend/vendor/laravel/framework/src/Illuminate/Foundation/Http/Middleware/TransformsRequest.php(21): Illuminate\\Pipeline\\Pipeline->{closure:{closure:Illuminate\\Pipeline\\Pipeline::carry():184}:185}(Object(Illuminate\\Http\\Request))
#30 /Users/unknwnkate/Desktop/hoffman-project/hoffman-backend/vendor/laravel/framework/src/Illuminate/Foundation/Http/Middleware/TrimStrings.php(51): Illuminate\\Foundation\\Http\\Middleware\\TransformsRequest->handle(Object(Illuminate\\Http\\Request), Object(Closure))
#31 /Users/unknwnkate/Desktop/hoffman-project/hoffman-backend/vendor/laravel/framework/src/Illuminate/Pipeline/Pipeline.php(209): Illuminate\\Foundation\\Http\\Middleware\\TrimStrings->handle(Object(Illuminate\\Http\\Request), Object(Closure))
#32 /Users/unknwnkate/Desktop/hoffman-project/hoffman-backend/vendor/laravel/framework/src/Illuminate/Http/Middleware/ValidatePostSize.php(27): Illuminate\\Pipeline\\Pipeline->{closure:{closure:Illuminate\\Pipeline\\Pipeline::carry():184}:185}(Object(Illuminate\\Http\\Request))
#33 /Users/unknwnkate/Desktop/hoffman-project/hoffman-backend/vendor/laravel/framework/src/Illuminate/Pipeline/Pipeline.php(209): Illuminate\\Http\\Middleware\\ValidatePostSize->handle(Object(Illuminate\\Http\\Request), Object(Closure))
#34 /Users/unknwnkate/Desktop/hoffman-project/hoffman-backend/vendor/laravel/framework/src/Illuminate/Foundation/Http/Middleware/PreventRequestsDuringMaintenance.php(110): Illuminate\\Pipeline\\Pipeline->{closure:{closure:Illuminate\\Pipeline\\Pipeline::carry():184}:185}(Object(Illuminate\\Http\\Request))
#35 /Users/unknwnkate/Desktop/hoffman-project/hoffman-backend/vendor/laravel/framework/src/Illuminate/Pipeline/Pipeline.php(209): Illuminate\\Foundation\\Http\\Middleware\\PreventRequestsDuringMaintenance->handle(Object(Illuminate\\Http\\Request), Object(Closure))
#36 /Users/unknwnkate/Desktop/hoffman-project/hoffman-backend/vendor/laravel/framework/src/Illuminate/Http/Middleware/HandleCors.php(62): Illuminate\\Pipeline\\Pipeline->{closure:{closure:Illuminate\\Pipeline\\Pipeline::carry():184}:185}(Object(Illuminate\\Http\\Request))
#37 /Users/unknwnkate/Desktop/hoffman-project/hoffman-backend/vendor/laravel/framework/src/Illuminate/Pipeline/Pipeline.php(209): Illuminate\\Http\\Middleware\\HandleCors->handle(Object(Illuminate\\Http\\Request), Object(Closure))
#38 /Users/unknwnkate/Desktop/hoffman-project/hoffman-backend/vendor/laravel/framework/src/Illuminate/Http/Middleware/TrustProxies.php(58): Illuminate\\Pipeline\\Pipeline->{closure:{closure:Illuminate\\Pipeline\\Pipeline::carry():184}:185}(Object(Illuminate\\Http\\Request))
#39 /Users/unknwnkate/Desktop/hoffman-project/hoffman-backend/vendor/laravel/framework/src/Illuminate/Pipeline/Pipeline.php(209): Illuminate\\Http\\Middleware\\TrustProxies->handle(Object(Illuminate\\Http\\Request), Object(Closure))
#40 /Users/unknwnkate/Desktop/hoffman-project/hoffman-backend/vendor/laravel/framework/src/Illuminate/Foundation/Http/Middleware/InvokeDeferredCallbacks.php(22): Illuminate\\Pipeline\\Pipeline->{closure:{closure:Illuminate\\Pipeline\\Pipeline::carry():184}:185}(Object(Illuminate\\Http\\Request))
#41 /Users/unknwnkate/Desktop/hoffman-project/hoffman-backend/vendor/laravel/framework/src/Illuminate/Pipeline/Pipeline.php(209): Illuminate\\Foundation\\Http\\Middleware\\InvokeDeferredCallbacks->handle(Object(Illuminate\\Http\\Request), Object(Closure))
#42 /Users/unknwnkate/Desktop/hoffman-project/hoffman-backend/vendor/sentry/sentry-laravel/src/Sentry/Laravel/Tracing/Middleware.php(79): Illuminate\\Pipeline\\Pipeline->{closure:{closure:Illuminate\\Pipeline\\Pipeline::carry():184}:185}(Object(Illuminate\\Http\\Request))
#43 /Users/unknwnkate/Desktop/hoffman-project/hoffman-backend/vendor/laravel/framework/src/Illuminate/Pipeline/Pipeline.php(209): Sentry\\Laravel\\Tracing\\Middleware->handle(Object(Illuminate\\Http\\Request), Object(Closure))
#44 /Users/unknwnkate/Desktop/hoffman-project/hoffman-backend/vendor/laravel/framework/src/Illuminate/Pipeline/Pipeline.php(127): Illuminate\\Pipeline\\Pipeline->{closure:{closure:Illuminate\\Pipeline\\Pipeline::carry():184}:185}(Object(Illuminate\\Http\\Request))
#45 /Users/unknwnkate/Desktop/hoffman-project/hoffman-backend/vendor/laravel/framework/src/Illuminate/Foundation/Http/Kernel.php(176): Illuminate\\Pipeline\\Pipeline->then(Object(Closure))
#46 /Users/unknwnkate/Desktop/hoffman-project/hoffman-backend/vendor/laravel/framework/src/Illuminate/Foundation/Http/Kernel.php(145): Illuminate\\Foundation\\Http\\Kernel->sendRequestThroughRouter(Object(Illuminate\\Http\\Request))
#47 /Users/unknwnkate/Desktop/hoffman-project/hoffman-backend/vendor/laravel/framework/src/Illuminate/Foundation/Testing/Concerns/MakesHttpRequests.php(607): Illuminate\\Foundation\\Http\\Kernel->handle(Object(Illuminate\\Http\\Request))
#48 /Users/unknwnkate/Desktop/hoffman-project/hoffman-backend/vendor/laravel/framework/src/Illuminate/Foundation/Testing/Concerns/MakesHttpRequests.php(573): Illuminate\\Foundation\\Testing\\TestCase->call('POST', '/api/v1/auth/lo...', Array, Array, Array, Array, '{\"email\":\"unkno...')
#49 /Users/unknwnkate/Desktop/hoffman-project/hoffman-backend/vendor/laravel/framework/src/Illuminate/Foundation/Testing/Concerns/MakesHttpRequests.php(411): Illuminate\\Foundation\\Testing\\TestCase->json('POST', '/api/v1/auth/lo...', Array, Array, 0)
#50 /Users/unknwnkate/Desktop/hoffman-project/hoffman-backend/tests/Feature/Auth/LoginTest.php(34): Illuminate\\Foundation\\Testing\\TestCase->postJson('/api/v1/auth/lo...', Array)
#51 /Users/unknwnkate/Desktop/hoffman-project/hoffman-backend/vendor/phpunit/phpunit/src/Framework/TestCase.php(1667): Tests\\Feature\\Auth\\LoginTest->test_it_rejects_login_with_an_unknown_email()
#52 /Users/unknwnkate/Desktop/hoffman-project/hoffman-backend/vendor/phpunit/phpunit/src/Framework/TestCase.php(519): PHPUnit\\Framework\\TestCase->runTest()
#53 /Users/unknwnkate/Desktop/hoffman-project/hoffman-backend/vendor/phpunit/phpunit/src/Framework/TestRunner/TestRunner.php(87): PHPUnit\\Framework\\TestCase->runBare()
#54 /Users/unknwnkate/Desktop/hoffman-project/hoffman-backend/vendor/phpunit/phpunit/src/Framework/TestCase.php(365): PHPUnit\\Framework\\TestRunner->run(Object(Tests\\Feature\\Auth\\LoginTest))
#55 /Users/unknwnkate/Desktop/hoffman-project/hoffman-backend/vendor/phpunit/phpunit/src/Framework/TestSuite.php(369): PHPUnit\\Framework\\TestCase->run()
#56 /Users/unknwnkate/Desktop/hoffman-project/hoffman-backend/vendor/phpunit/phpunit/src/Framework/TestSuite.php(369): PHPUnit\\Framework\\TestSuite->run()
#57 /Users/unknwnkate/Desktop/hoffman-project/hoffman-backend/vendor/phpunit/phpunit/src/TextUI/TestRunner.php(64): PHPUnit\\Framework\\TestSuite->run()
#58 /Users/unknwnkate/Desktop/hoffman-project/hoffman-backend/vendor/phpunit/phpunit/src/TextUI/Application.php(211): PHPUnit\\TextUI\\TestRunner->run(Object(PHPUnit\\TextUI\\Configuration\\Configuration), Object(PHPUnit\\Runner\\ResultCache\\DefaultResultCache), Object(PHPUnit\\Framework\\TestSuite))
#59 /Users/unknwnkate/Desktop/hoffman-project/hoffman-backend/vendor/phpunit/phpunit/phpunit(104): PHPUnit\\TextUI\\Application->run(Array)
#60 /Users/unknwnkate/Desktop/hoffman-project/hoffman-backend/vendor/bin/phpunit(122): include('/Users/unknwnka...')
#61 {main}
"} 
[2026-09-07 12:37:32] testing.ERROR:  {"exception":"[object] (App\\Domain\\Auth\\Exceptions\\InvalidCredentialsException(code: 0):  at /Users/unknwnkate/Desktop/hoffman-project/hoffman-backend/app/Domain/Auth/Services/AuthService.php:42)
[stacktrace]
#0 /Users/unknwnkate/Desktop/hoffman-project/hoffman-backend/app/Http/Controllers/Api/V1/AuthController.php(27): App\\Domain\\Auth\\Services\\AuthService->login(Array)
#1 /Users/unknwnkate/Desktop/hoffman-project/hoffman-backend/vendor/laravel/framework/src/Illuminate/Routing/ControllerDispatcher.php(47): App\\Http\\Controllers\\Api\\V1\\AuthController->login(Object(App\\Http\\Requests\\Auth\\LoginRequest))
#2 /Users/unknwnkate/Desktop/hoffman-project/hoffman-backend/vendor/sentry/sentry-laravel/src/Sentry/Laravel/Tracing/Routing/TracingControllerDispatcherTracing.php(21): Illuminate\\Routing\\ControllerDispatcher->dispatch(Object(Illuminate\\Routing\\Route), Object(App\\Http\\Controllers\\Api\\V1\\AuthController), 'login')
#3 /Users/unknwnkate/Desktop/hoffman-project/hoffman-backend/vendor/sentry/sentry-laravel/src/Sentry/Laravel/Tracing/Routing/TracingRoutingDispatcher.php(35): Sentry\\Laravel\\Tracing\\Routing\\TracingControllerDispatcherTracing->{closure:Sentry\\Laravel\\Tracing\\Routing\\TracingControllerDispatcherTracing::dispatch():20}()
#4 /Users/unknwnkate/Desktop/hoffman-project/hoffman-backend/vendor/sentry/sentry-laravel/src/Sentry/Laravel/Tracing/Routing/TracingControllerDispatcherTracing.php(20): Sentry\\Laravel\\Tracing\\Routing\\TracingRoutingDispatcher->wrapRouteDispatch(Object(Closure), Object(Illuminate\\Routing\\Route))
#5 /Users/unknwnkate/Desktop/hoffman-project/hoffman-backend/vendor/laravel/framework/src/Illuminate/Routing/Route.php(266): Sentry\\Laravel\\Tracing\\Routing\\TracingControllerDispatcherTracing->dispatch(Object(Illuminate\\Routing\\Route), Object(App\\Http\\Controllers\\Api\\V1\\AuthController), 'login')
#6 /Users/unknwnkate/Desktop/hoffman-project/hoffman-backend/vendor/laravel/framework/src/Illuminate/Routing/Route.php(212): Illuminate\\Routing\\Route->runController()
#7 /Users/unknwnkate/Desktop/hoffman-project/hoffman-backend/vendor/laravel/framework/src/Illuminate/Routing/Router.php(808): Illuminate\\Routing\\Route->run()
#8 /Users/unknwnkate/Desktop/hoffman-project/hoffman-backend/vendor/laravel/framework/src/Illuminate/Pipeline/Pipeline.php(170): Illuminate\\Routing\\Router->{closure:Illuminate\\Routing\\Router::runRouteWithinStack():807}(Object(Illuminate\\Http\\Request))
#9 /Users/unknwnkate/Desktop/hoffman-project/hoffman-backend/vendor/laravel/framework/src/Illuminate/Routing/Middleware/SubstituteBindings.php(51): Illuminate\\Pipeline\\Pipeline->{closure:Illuminate\\Pipeline\\Pipeline::prepareDestination():168}(Object(Illuminate\\Http\\Request))
#10 /Users/unknwnkate/Desktop/hoffman-project/hoffman-backend/vendor/laravel/framework/src/Illuminate/Pipeline/Pipeline.php(209): Illuminate\\Routing\\Middleware\\SubstituteBindings->handle(Object(Illuminate\\Http\\Request), Object(Closure))
#11 /Users/unknwnkate/Desktop/hoffman-project/hoffman-backend/vendor/laravel/framework/src/Illuminate/Pipeline/Pipeline.php(127): Illuminate\\Pipeline\\Pipeline->{closure:{closure:Illuminate\\Pipeline\\Pipeline::carry():184}:185}(Object(Illuminate\\Http\\Request))
#12 /Users/unknwnkate/Desktop/hoffman-project/hoffman-backend/vendor/laravel/framework/src/Illuminate/Routing/Router.php(807): Illuminate\\Pipeline\\Pipeline->then(Object(Closure))
#13 /Users/unknwnkate/Desktop/hoffman-project/hoffman-backend/vendor/laravel/framework/src/Illuminate/Routing/Router.php(786): Illuminate\\Routing\\Router->runRouteWithinStack(Object(Illuminate\\Routing\\Route), Object(Illuminate\\Http\\Request))
#14 /Users/unknwnkate/Desktop/hoffman-project/hoffman-backend/vendor/laravel/framework/src/Illuminate/Routing/Router.php(750): Illuminate\\Routing\\Router->runRoute(Object(Illuminate\\Http\\Request), Object(Illuminate\\Routing\\Route))
#15 /Users/unknwnkate/Desktop/hoffman-project/hoffman-backend/vendor/laravel/framework/src/Illuminate/Routing/Router.php(739): Illuminate\\Routing\\Router->dispatchToRoute(Object(Illuminate\\Http\\Request))
#16 /Users/unknwnkate/Desktop/hoffman-project/hoffman-backend/vendor/laravel/framework/src/Illuminate/Foundation/Http/Kernel.php(201): Illuminate\\Routing\\Router->dispatch(Object(Illuminate\\Http\\Request))
#17 /Users/unknwnkate/Desktop/hoffman-project/hoffman-backend/vendor/laravel/framework/src/Illuminate/Pipeline/Pipeline.php(170): Illuminate\\Foundation\\Http\\Kernel->{closure:Illuminate\\Foundation\\Http\\Kernel::dispatchToRouter():198}(Object(Illuminate\\Http\\Request))
#18 /Users/unknwnkate/Desktop/hoffman-project/hoffman-backend/vendor/sentry/sentry-laravel/src/Sentry/Laravel/Http/FlushEventsMiddleware.php(13): Illuminate\\Pipeline\\Pipeline->{closure:Illuminate\\Pipeline\\Pipeline::prepareDestination():168}(Object(Illuminate\\Http\\Request))
#19 /Users/unknwnkate/Desktop/hoffman-project/hoffman-backend/vendor/laravel/framework/src/Illuminate/Pipeline/Pipeline.php(209): Sentry\\Laravel\\Http\\FlushEventsMiddleware->handle(Object(Illuminate\\Http\\Request), Object(Closure))
#20 /Users/unknwnkate/Desktop/hoffman-project/hoffman-backend/vendor/sentry/sentry-laravel/src/Sentry/Laravel/Http/SetRequestIpMiddleware.php(45): Illuminate\\Pipeline\\Pipeline->{closure:{closure:Illuminate\\Pipeline\\Pipeline::carry():184}:185}(Object(Illuminate\\Http\\Request))
#21 /Users/unknwnkate/Desktop/hoffman-project/hoffman-backend/vendor/laravel/framework/src/Illuminate/Pipeline/Pipeline.php(209): Sentry\\Laravel\\Http\\SetRequestIpMiddleware->handle(Object(Illuminate\\Http\\Request), Object(Closure))
#22 /Users/unknwnkate/Desktop/hoffman-project/hoffman-backend/vendor/sentry/sentry-laravel/src/Sentry/Laravel/Http/SetRequestMiddleware.php(31): Illuminate\\Pipeline\\Pipeline->{closure:{closure:Illuminate\\Pipeline\\Pipeline::carry():184}:185}(Object(Illuminate\\Http\\Request))
#23 /Users/unknwnkate/Desktop/hoffman-project/hoffman-backend/vendor/laravel/framework/src/Illuminate/Pipeline/Pipeline.php(209): Sentry\\Laravel\\Http\\SetRequestMiddleware->handle(Object(Illuminate\\Http\\Request), Object(Closure))
#24 /Users/unknwnkate/Desktop/hoffman-project/hoffman-backend/app/Http/Middleware/SentryContext.php(23): Illuminate\\Pipeline\\Pipeline->{closure:{closure:Illuminate\\Pipeline\\Pipeline::carry():184}:185}(Object(Illuminate\\Http\\Request))
#25 /Users/unknwnkate/Desktop/hoffman-project/hoffman-backend/vendor/laravel/framework/src/Illuminate/Pipeline/Pipeline.php(209): App\\Http\\Middleware\\SentryContext->handle(Object(Illuminate\\Http\\Request), Object(Closure))
#26 /Users/unknwnkate/Desktop/hoffman-project/hoffman-backend/vendor/laravel/framework/src/Illuminate/Foundation/Http/Middleware/TransformsRequest.php(21): Illuminate\\Pipeline\\Pipeline->{closure:{closure:Illuminate\\Pipeline\\Pipeline::carry():184}:185}(Object(Illuminate\\Http\\Request))
#27 /Users/unknwnkate/Desktop/hoffman-project/hoffman-backend/vendor/laravel/framework/src/Illuminate/Foundation/Http/Middleware/ConvertEmptyStringsToNull.php(31): Illuminate\\Foundation\\Http\\Middleware\\TransformsRequest->handle(Object(Illuminate\\Http\\Request), Object(Closure))
#28 /Users/unknwnkate/Desktop/hoffman-project/hoffman-backend/vendor/laravel/framework/src/Illuminate/Pipeline/Pipeline.php(209): Illuminate\\Foundation\\Http\\Middleware\\ConvertEmptyStringsToNull->handle(Object(Illuminate\\Http\\Request), Object(Closure))
#29 /Users/unknwnkate/Desktop/hoffman-project/hoffman-backend/vendor/laravel/framework/src/Illuminate/Foundation/Http/Middleware/TransformsRequest.php(21): Illuminate\\Pipeline\\Pipeline->{closure:{closure:Illuminate\\Pipeline\\Pipeline::carry():184}:185}(Object(Illuminate\\Http\\Request))
#30 /Users/unknwnkate/Desktop/hoffman-project/hoffman-backend/vendor/laravel/framework/src/Illuminate/Foundation/Http/Middleware/TrimStrings.php(51): Illuminate\\Foundation\\Http\\Middleware\\TransformsRequest->handle(Object(Illuminate\\Http\\Request), Object(Closure))
#31 /Users/unknwnkate/Desktop/hoffman-project/hoffman-backend/vendor/laravel/framework/src/Illuminate/Pipeline/Pipeline.php(209): Illuminate\\Foundation\\Http\\Middleware\\TrimStrings->handle(Object(Illuminate\\Http\\Request), Object(Closure))
#32 /Users/unknwnkate/Desktop/hoffman-project/hoffman-backend/vendor/laravel/framework/src/Illuminate/Http/Middleware/ValidatePostSize.php(27): Illuminate\\Pipeline\\Pipeline->{closure:{closure:Illuminate\\Pipeline\\Pipeline::carry():184}:185}(Object(Illuminate\\Http\\Request))
#33 /Users/unknwnkate/Desktop/hoffman-project/hoffman-backend/vendor/laravel/framework/src/Illuminate/Pipeline/Pipeline.php(209): Illuminate\\Http\\Middleware\\ValidatePostSize->handle(Object(Illuminate\\Http\\Request), Object(Closure))
#34 /Users/unknwnkate/Desktop/hoffman-project/hoffman-backend/vendor/laravel/framework/src/Illuminate/Foundation/Http/Middleware/PreventRequestsDuringMaintenance.php(110): Illuminate\\Pipeline\\Pipeline->{closure:{closure:Illuminate\\Pipeline\\Pipeline::carry():184}:185}(Object(Illuminate\\Http\\Request))
#35 /Users/unknwnkate/Desktop/hoffman-project/hoffman-backend/vendor/laravel/framework/src/Illuminate/Pipeline/Pipeline.php(209): Illuminate\\Foundation\\Http\\Middleware\\PreventRequestsDuringMaintenance->handle(Object(Illuminate\\Http\\Request), Object(Closure))
#36 /Users/unknwnkate/Desktop/hoffman-project/hoffman-backend/vendor/laravel/framework/src/Illuminate/Http/Middleware/HandleCors.php(62): Illuminate\\Pipeline\\Pipeline->{closure:{closure:Illuminate\\Pipeline\\Pipeline::carry():184}:185}(Object(Illuminate\\Http\\Request))
#37 /Users/unknwnkate/Desktop/hoffman-project/hoffman-backend/vendor/laravel/framework/src/Illuminate/Pipeline/Pipeline.php(209): Illuminate\\Http\\Middleware\\HandleCors->handle(Object(Illuminate\\Http\\Request), Object(Closure))
#38 /Users/unknwnkate/Desktop/hoffman-project/hoffman-backend/vendor/laravel/framework/src/Illuminate/Http/Middleware/TrustProxies.php(58): Illuminate\\Pipeline\\Pipeline->{closure:{closure:Illuminate\\Pipeline\\Pipeline::carry():184}:185}(Object(Illuminate\\Http\\Request))
#39 /Users/unknwnkate/Desktop/hoffman-project/hoffman-backend/vendor/laravel/framework/src/Illuminate/Pipeline/Pipeline.php(209): Illuminate\\Http\\Middleware\\TrustProxies->handle(Object(Illuminate\\Http\\Request), Object(Closure))
#40 /Users/unknwnkate/Desktop/hoffman-project/hoffman-backend/vendor/laravel/framework/src/Illuminate/Foundation/Http/Middleware/InvokeDeferredCallbacks.php(22): Illuminate\\Pipeline\\Pipeline->{closure:{closure:Illuminate\\Pipeline\\Pipeline::carry():184}:185}(Object(Illuminate\\Http\\Request))
#41 /Users/unknwnkate/Desktop/hoffman-project/hoffman-backend/vendor/laravel/framework/src/Illuminate/Pipeline/Pipeline.php(209): Illuminate\\Foundation\\Http\\Middleware\\InvokeDeferredCallbacks->handle(Object(Illuminate\\Http\\Request), Object(Closure))
#42 /Users/unknwnkate/Desktop/hoffman-project/hoffman-backend/vendor/sentry/sentry-laravel/src/Sentry/Laravel/Tracing/Middleware.php(79): Illuminate\\Pipeline\\Pipeline->{closure:{closure:Illuminate\\Pipeline\\Pipeline::carry():184}:185}(Object(Illuminate\\Http\\Request))
#43 /Users/unknwnkate/Desktop/hoffman-project/hoffman-backend/vendor/laravel/framework/src/Illuminate/Pipeline/Pipeline.php(209): Sentry\\Laravel\\Tracing\\Middleware->handle(Object(Illuminate\\Http\\Request), Object(Closure))
#44 /Users/unknwnkate/Desktop/hoffman-project/hoffman-backend/vendor/laravel/framework/src/Illuminate/Pipeline/Pipeline.php(127): Illuminate\\Pipeline\\Pipeline->{closure:{closure:Illuminate\\Pipeline\\Pipeline::carry():184}:185}(Object(Illuminate\\Http\\Request))
#45 /Users/unknwnkate/Desktop/hoffman-project/hoffman-backend/vendor/laravel/framework/src/Illuminate/Foundation/Http/Kernel.php(176): Illuminate\\Pipeline\\Pipeline->then(Object(Closure))
#46 /Users/unknwnkate/Desktop/hoffman-project/hoffman-backend/vendor/laravel/framework/src/Illuminate/Foundation/Http/Kernel.php(145): Illuminate\\Foundation\\Http\\Kernel->sendRequestThroughRouter(Object(Illuminate\\Http\\Request))
#47 /Users/unknwnkate/Desktop/hoffman-project/hoffman-backend/vendor/laravel/framework/src/Illuminate/Foundation/Testing/Concerns/MakesHttpRequests.php(607): Illuminate\\Foundation\\Http\\Kernel->handle(Object(Illuminate\\Http\\Request))
#48 /Users/unknwnkate/Desktop/hoffman-project/hoffman-backend/vendor/laravel/framework/src/Illuminate/Foundation/Testing/Concerns/MakesHttpRequests.php(573): Illuminate\\Foundation\\Testing\\TestCase->call('POST', '/api/v1/auth/lo...', Array, Array, Array, Array, '{\"email\":\"jane@...')
#49 /Users/unknwnkate/Desktop/hoffman-project/hoffman-backend/vendor/laravel/framework/src/Illuminate/Foundation/Testing/Concerns/MakesHttpRequests.php(411): Illuminate\\Foundation\\Testing\\TestCase->json('POST', '/api/v1/auth/lo...', Array, Array, 0)
#50 /Users/unknwnkate/Desktop/hoffman-project/hoffman-backend/tests/Feature/Auth/LoginTest.php(50): Illuminate\\Foundation\\Testing\\TestCase->postJson('/api/v1/auth/lo...', Array)
#51 /Users/unknwnkate/Desktop/hoffman-project/hoffman-backend/vendor/phpunit/phpunit/src/Framework/TestCase.php(1667): Tests\\Feature\\Auth\\LoginTest->test_it_rejects_login_with_an_incorrect_password()
#52 /Users/unknwnkate/Desktop/hoffman-project/hoffman-backend/vendor/phpunit/phpunit/src/Framework/TestCase.php(519): PHPUnit\\Framework\\TestCase->runTest()
#53 /Users/unknwnkate/Desktop/hoffman-project/hoffman-backend/vendor/phpunit/phpunit/src/Framework/TestRunner/TestRunner.php(87): PHPUnit\\Framework\\TestCase->runBare()
#54 /Users/unknwnkate/Desktop/hoffman-project/hoffman-backend/vendor/phpunit/phpunit/src/Framework/TestCase.php(365): PHPUnit\\Framework\\TestRunner->run(Object(Tests\\Feature\\Auth\\LoginTest))
#55 /Users/unknwnkate/Desktop/hoffman-project/hoffman-backend/vendor/phpunit/phpunit/src/Framework/TestSuite.php(369): PHPUnit\\Framework\\TestCase->run()
#56 /Users/unknwnkate/Desktop/hoffman-project/hoffman-backend/vendor/phpunit/phpunit/src/Framework/TestSuite.php(369): PHPUnit\\Framework\\TestSuite->run()
#57 /Users/unknwnkate/Desktop/hoffman-project/hoffman-backend/vendor/phpunit/phpunit/src/TextUI/TestRunner.php(64): PHPUnit\\Framework\\TestSuite->run()
#58 /Users/unknwnkate/Desktop/hoffman-project/hoffman-backend/vendor/phpunit/phpunit/src/TextUI/Application.php(211): PHPUnit\\TextUI\\TestRunner->run(Object(PHPUnit\\TextUI\\Configuration\\Configuration), Object(PHPUnit\\Runner\\ResultCache\\DefaultResultCache), Object(PHPUnit\\Framework\\TestSuite))
#59 /Users/unknwnkate/Desktop/hoffman-project/hoffman-backend/vendor/phpunit/phpunit/phpunit(104): PHPUnit\\TextUI\\Application->run(Array)
#60 /Users/unknwnkate/Desktop/hoffman-project/hoffman-backend/vendor/bin/phpunit(122): include('/Users/unknwnka...')
#61 {main}
"} 
[2026-09-07 12:38:09] testing.ERROR:  {"exception":"[object] (App\\Domain\\Auth\\Exceptions\\InvalidCredentialsException(code: 0):  at /Users/unknwnkate/Desktop/hoffman-project/hoffman-backend/app/Domain/Auth/Services/AuthService.php:42)
[stacktrace]
#0 /Users/unknwnkate/Desktop/hoffman-project/hoffman-backend/app/Http/Controllers/Api/V1/AuthController.php(27): App\\Domain\\Auth\\Services\\AuthService->login(Array)
#1 /Users/unknwnkate/Desktop/hoffman-project/hoffman-backend/vendor/laravel/framework/src/Illuminate/Routing/ControllerDispatcher.php(47): App\\Http\\Controllers\\Api\\V1\\AuthController->login(Object(App\\Http\\Requests\\Auth\\LoginRequest))
#2 /Users/unknwnkate/Desktop/hoffman-project/hoffman-backend/vendor/sentry/sentry-laravel/src/Sentry/Laravel/Tracing/Routing/TracingControllerDispatcherTracing.php(21): Illuminate\\Routing\\ControllerDispatcher->dispatch(Object(Illuminate\\Routing\\Route), Object(App\\Http\\Controllers\\Api\\V1\\AuthController), 'login')
#3 /Users/unknwnkate/Desktop/hoffman-project/hoffman-backend/vendor/sentry/sentry-laravel/src/Sentry/Laravel/Tracing/Routing/TracingRoutingDispatcher.php(35): Sentry\\Laravel\\Tracing\\Routing\\TracingControllerDispatcherTracing->{closure:Sentry\\Laravel\\Tracing\\Routing\\TracingControllerDispatcherTracing::dispatch():20}()
#4 /Users/unknwnkate/Desktop/hoffman-project/hoffman-backend/vendor/sentry/sentry-laravel/src/Sentry/Laravel/Tracing/Routing/TracingControllerDispatcherTracing.php(20): Sentry\\Laravel\\Tracing\\Routing\\TracingRoutingDispatcher->wrapRouteDispatch(Object(Closure), Object(Illuminate\\Routing\\Route))
#5 /Users/unknwnkate/Desktop/hoffman-project/hoffman-backend/vendor/laravel/framework/src/Illuminate/Routing/Route.php(266): Sentry\\Laravel\\Tracing\\Routing\\TracingControllerDispatcherTracing->dispatch(Object(Illuminate\\Routing\\Route), Object(App\\Http\\Controllers\\Api\\V1\\AuthController), 'login')
#6 /Users/unknwnkate/Desktop/hoffman-project/hoffman-backend/vendor/laravel/framework/src/Illuminate/Routing/Route.php(212): Illuminate\\Routing\\Route->runController()
#7 /Users/unknwnkate/Desktop/hoffman-project/hoffman-backend/vendor/laravel/framework/src/Illuminate/Routing/Router.php(808): Illuminate\\Routing\\Route->run()
#8 /Users/unknwnkate/Desktop/hoffman-project/hoffman-backend/vendor/laravel/framework/src/Illuminate/Pipeline/Pipeline.php(170): Illuminate\\Routing\\Router->{closure:Illuminate\\Routing\\Router::runRouteWithinStack():807}(Object(Illuminate\\Http\\Request))
#9 /Users/unknwnkate/Desktop/hoffman-project/hoffman-backend/vendor/laravel/framework/src/Illuminate/Routing/Middleware/SubstituteBindings.php(51): Illuminate\\Pipeline\\Pipeline->{closure:Illuminate\\Pipeline\\Pipeline::prepareDestination():168}(Object(Illuminate\\Http\\Request))
#10 /Users/unknwnkate/Desktop/hoffman-project/hoffman-backend/vendor/laravel/framework/src/Illuminate/Pipeline/Pipeline.php(209): Illuminate\\Routing\\Middleware\\SubstituteBindings->handle(Object(Illuminate\\Http\\Request), Object(Closure))
#11 /Users/unknwnkate/Desktop/hoffman-project/hoffman-backend/vendor/laravel/framework/src/Illuminate/Pipeline/Pipeline.php(127): Illuminate\\Pipeline\\Pipeline->{closure:{closure:Illuminate\\Pipeline\\Pipeline::carry():184}:185}(Object(Illuminate\\Http\\Request))
#12 /Users/unknwnkate/Desktop/hoffman-project/hoffman-backend/vendor/laravel/framework/src/Illuminate/Routing/Router.php(807): Illuminate\\Pipeline\\Pipeline->then(Object(Closure))
#13 /Users/unknwnkate/Desktop/hoffman-project/hoffman-backend/vendor/laravel/framework/src/Illuminate/Routing/Router.php(786): Illuminate\\Routing\\Router->runRouteWithinStack(Object(Illuminate\\Routing\\Route), Object(Illuminate\\Http\\Request))
#14 /Users/unknwnkate/Desktop/hoffman-project/hoffman-backend/vendor/laravel/framework/src/Illuminate/Routing/Router.php(750): Illuminate\\Routing\\Router->runRoute(Object(Illuminate\\Http\\Request), Object(Illuminate\\Routing\\Route))
#15 /Users/unknwnkate/Desktop/hoffman-project/hoffman-backend/vendor/laravel/framework/src/Illuminate/Routing/Router.php(739): Illuminate\\Routing\\Router->dispatchToRoute(Object(Illuminate\\Http\\Request))
#16 /Users/unknwnkate/Desktop/hoffman-project/hoffman-backend/vendor/laravel/framework/src/Illuminate/Foundation/Http/Kernel.php(201): Illuminate\\Routing\\Router->dispatch(Object(Illuminate\\Http\\Request))
#17 /Users/unknwnkate/Desktop/hoffman-project/hoffman-backend/vendor/laravel/framework/src/Illuminate/Pipeline/Pipeline.php(170): Illuminate\\Foundation\\Http\\Kernel->{closure:Illuminate\\Foundation\\Http\\Kernel::dispatchToRouter():198}(Object(Illuminate\\Http\\Request))
#18 /Users/unknwnkate/Desktop/hoffman-project/hoffman-backend/vendor/sentry/sentry-laravel/src/Sentry/Laravel/Http/FlushEventsMiddleware.php(13): Illuminate\\Pipeline\\Pipeline->{closure:Illuminate\\Pipeline\\Pipeline::prepareDestination():168}(Object(Illuminate\\Http\\Request))
#19 /Users/unknwnkate/Desktop/hoffman-project/hoffman-backend/vendor/laravel/framework/src/Illuminate/Pipeline/Pipeline.php(209): Sentry\\Laravel\\Http\\FlushEventsMiddleware->handle(Object(Illuminate\\Http\\Request), Object(Closure))
#20 /Users/unknwnkate/Desktop/hoffman-project/hoffman-backend/vendor/sentry/sentry-laravel/src/Sentry/Laravel/Http/SetRequestIpMiddleware.php(45): Illuminate\\Pipeline\\Pipeline->{closure:{closure:Illuminate\\Pipeline\\Pipeline::carry():184}:185}(Object(Illuminate\\Http\\Request))
#21 /Users/unknwnkate/Desktop/hoffman-project/hoffman-backend/vendor/laravel/framework/src/Illuminate/Pipeline/Pipeline.php(209): Sentry\\Laravel\\Http\\SetRequestIpMiddleware->handle(Object(Illuminate\\Http\\Request), Object(Closure))
#22 /Users/unknwnkate/Desktop/hoffman-project/hoffman-backend/vendor/sentry/sentry-laravel/src/Sentry/Laravel/Http/SetRequestMiddleware.php(31): Illuminate\\Pipeline\\Pipeline->{closure:{closure:Illuminate\\Pipeline\\Pipeline::carry():184}:185}(Object(Illuminate\\Http\\Request))
#23 /Users/unknwnkate/Desktop/hoffman-project/hoffman-backend/vendor/laravel/framework/src/Illuminate/Pipeline/Pipeline.php(209): Sentry\\Laravel\\Http\\SetRequestMiddleware->handle(Object(Illuminate\\Http\\Request), Object(Closure))
#24 /Users/unknwnkate/Desktop/hoffman-project/hoffman-backend/app/Http/Middleware/SentryContext.php(23): Illuminate\\Pipeline\\Pipeline->{closure:{closure:Illuminate\\Pipeline\\Pipeline::carry():184}:185}(Object(Illuminate\\Http\\Request))
#25 /Users/unknwnkate/Desktop/hoffman-project/hoffman-backend/vendor/laravel/framework/src/Illuminate/Pipeline/Pipeline.php(209): App\\Http\\Middleware\\SentryContext->handle(Object(Illuminate\\Http\\Request), Object(Closure))
#26 /Users/unknwnkate/Desktop/hoffman-project/hoffman-backend/vendor/laravel/framework/src/Illuminate/Foundation/Http/Middleware/TransformsRequest.php(21): Illuminate\\Pipeline\\Pipeline->{closure:{closure:Illuminate\\Pipeline\\Pipeline::carry():184}:185}(Object(Illuminate\\Http\\Request))
#27 /Users/unknwnkate/Desktop/hoffman-project/hoffman-backend/vendor/laravel/framework/src/Illuminate/Foundation/Http/Middleware/ConvertEmptyStringsToNull.php(31): Illuminate\\Foundation\\Http\\Middleware\\TransformsRequest->handle(Object(Illuminate\\Http\\Request), Object(Closure))
#28 /Users/unknwnkate/Desktop/hoffman-project/hoffman-backend/vendor/laravel/framework/src/Illuminate/Pipeline/Pipeline.php(209): Illuminate\\Foundation\\Http\\Middleware\\ConvertEmptyStringsToNull->handle(Object(Illuminate\\Http\\Request), Object(Closure))
#29 /Users/unknwnkate/Desktop/hoffman-project/hoffman-backend/vendor/laravel/framework/src/Illuminate/Foundation/Http/Middleware/TransformsRequest.php(21): Illuminate\\Pipeline\\Pipeline->{closure:{closure:Illuminate\\Pipeline\\Pipeline::carry():184}:185}(Object(Illuminate\\Http\\Request))
#30 /Users/unknwnkate/Desktop/hoffman-project/hoffman-backend/vendor/laravel/framework/src/Illuminate/Foundation/Http/Middleware/TrimStrings.php(51): Illuminate\\Foundation\\Http\\Middleware\\TransformsRequest->handle(Object(Illuminate\\Http\\Request), Object(Closure))
#31 /Users/unknwnkate/Desktop/hoffman-project/hoffman-backend/vendor/laravel/framework/src/Illuminate/Pipeline/Pipeline.php(209): Illuminate\\Foundation\\Http\\Middleware\\TrimStrings->handle(Object(Illuminate\\Http\\Request), Object(Closure))
#32 /Users/unknwnkate/Desktop/hoffman-project/hoffman-backend/vendor/laravel/framework/src/Illuminate/Http/Middleware/ValidatePostSize.php(27): Illuminate\\Pipeline\\Pipeline->{closure:{closure:Illuminate\\Pipeline\\Pipeline::carry():184}:185}(Object(Illuminate\\Http\\Request))
#33 /Users/unknwnkate/Desktop/hoffman-project/hoffman-backend/vendor/laravel/framework/src/Illuminate/Pipeline/Pipeline.php(209): Illuminate\\Http\\Middleware\\ValidatePostSize->handle(Object(Illuminate\\Http\\Request), Object(Closure))
#34 /Users/unknwnkate/Desktop/hoffman-project/hoffman-backend/vendor/laravel/framework/src/Illuminate/Foundation/Http/Middleware/PreventRequestsDuringMaintenance.php(110): Illuminate\\Pipeline\\Pipeline->{closure:{closure:Illuminate\\Pipeline\\Pipeline::carry():184}:185}(Object(Illuminate\\Http\\Request))
#35 /Users/unknwnkate/Desktop/hoffman-project/hoffman-backend/vendor/laravel/framework/src/Illuminate/Pipeline/Pipeline.php(209): Illuminate\\Foundation\\Http\\Middleware\\PreventRequestsDuringMaintenance->handle(Object(Illuminate\\Http\\Request), Object(Closure))
#36 /Users/unknwnkate/Desktop/hoffman-project/hoffman-backend/vendor/laravel/framework/src/Illuminate/Http/Middleware/HandleCors.php(62): Illuminate\\Pipeline\\Pipeline->{closure:{closure:Illuminate\\Pipeline\\Pipeline::carry():184}:185}(Object(Illuminate\\Http\\Request))
#37 /Users/unknwnkate/Desktop/hoffman-project/hoffman-backend/vendor/laravel/framework/src/Illuminate/Pipeline/Pipeline.php(209): Illuminate\\Http\\Middleware\\HandleCors->handle(Object(Illuminate\\Http\\Request), Object(Closure))
#38 /Users/unknwnkate/Desktop/hoffman-project/hoffman-backend/vendor/laravel/framework/src/Illuminate/Http/Middleware/TrustProxies.php(58): Illuminate\\Pipeline\\Pipeline->{closure:{closure:Illuminate\\Pipeline\\Pipeline::carry():184}:185}(Object(Illuminate\\Http\\Request))
#39 /Users/unknwnkate/Desktop/hoffman-project/hoffman-backend/vendor/laravel/framework/src/Illuminate/Pipeline/Pipeline.php(209): Illuminate\\Http\\Middleware\\TrustProxies->handle(Object(Illuminate\\Http\\Request), Object(Closure))
#40 /Users/unknwnkate/Desktop/hoffman-project/hoffman-backend/vendor/laravel/framework/src/Illuminate/Foundation/Http/Middleware/InvokeDeferredCallbacks.php(22): Illuminate\\Pipeline\\Pipeline->{closure:{closure:Illuminate\\Pipeline\\Pipeline::carry():184}:185}(Object(Illuminate\\Http\\Request))
#41 /Users/unknwnkate/Desktop/hoffman-project/hoffman-backend/vendor/laravel/framework/src/Illuminate/Pipeline/Pipeline.php(209): Illuminate\\Foundation\\Http\\Middleware\\InvokeDeferredCallbacks->handle(Object(Illuminate\\Http\\Request), Object(Closure))
#42 /Users/unknwnkate/Desktop/hoffman-project/hoffman-backend/vendor/sentry/sentry-laravel/src/Sentry/Laravel/Tracing/Middleware.php(79): Illuminate\\Pipeline\\Pipeline->{closure:{closure:Illuminate\\Pipeline\\Pipeline::carry():184}:185}(Object(Illuminate\\Http\\Request))
#43 /Users/unknwnkate/Desktop/hoffman-project/hoffman-backend/vendor/laravel/framework/src/Illuminate/Pipeline/Pipeline.php(209): Sentry\\Laravel\\Tracing\\Middleware->handle(Object(Illuminate\\Http\\Request), Object(Closure))
#44 /Users/unknwnkate/Desktop/hoffman-project/hoffman-backend/vendor/laravel/framework/src/Illuminate/Pipeline/Pipeline.php(127): Illuminate\\Pipeline\\Pipeline->{closure:{closure:Illuminate\\Pipeline\\Pipeline::carry():184}:185}(Object(Illuminate\\Http\\Request))
#45 /Users/unknwnkate/Desktop/hoffman-project/hoffman-backend/vendor/laravel/framework/src/Illuminate/Foundation/Http/Kernel.php(176): Illuminate\\Pipeline\\Pipeline->then(Object(Closure))
#46 /Users/unknwnkate/Desktop/hoffman-project/hoffman-backend/vendor/laravel/framework/src/Illuminate/Foundation/Http/Kernel.php(145): Illuminate\\Foundation\\Http\\Kernel->sendRequestThroughRouter(Object(Illuminate\\Http\\Request))
#47 /Users/unknwnkate/Desktop/hoffman-project/hoffman-backend/vendor/laravel/framework/src/Illuminate/Foundation/Testing/Concerns/MakesHttpRequests.php(607): Illuminate\\Foundation\\Http\\Kernel->handle(Object(Illuminate\\Http\\Request))
#48 /Users/unknwnkate/Desktop/hoffman-project/hoffman-backend/vendor/laravel/framework/src/Illuminate/Foundation/Testing/Concerns/MakesHttpRequests.php(573): Illuminate\\Foundation\\Testing\\TestCase->call('POST', '/api/v1/auth/lo...', Array, Array, Array, Array, '{\"email\":\"unkno...')
#49 /Users/unknwnkate/Desktop/hoffman-project/hoffman-backend/vendor/laravel/framework/src/Illuminate/Foundation/Testing/Concerns/MakesHttpRequests.php(411): Illuminate\\Foundation\\Testing\\TestCase->json('POST', '/api/v1/auth/lo...', Array, Array, 0)
#50 /Users/unknwnkate/Desktop/hoffman-project/hoffman-backend/tests/Feature/Auth/LoginTest.php(34): Illuminate\\Foundation\\Testing\\TestCase->postJson('/api/v1/auth/lo...', Array)
#51 /Users/unknwnkate/Desktop/hoffman-project/hoffman-backend/vendor/phpunit/phpunit/src/Framework/TestCase.php(1667): Tests\\Feature\\Auth\\LoginTest->test_it_rejects_login_with_an_unknown_email()
#52 /Users/unknwnkate/Desktop/hoffman-project/hoffman-backend/vendor/phpunit/phpunit/src/Framework/TestCase.php(519): PHPUnit\\Framework\\TestCase->runTest()
#53 /Users/unknwnkate/Desktop/hoffman-project/hoffman-backend/vendor/phpunit/phpunit/src/Framework/TestRunner/TestRunner.php(87): PHPUnit\\Framework\\TestCase->runBare()
#54 /Users/unknwnkate/Desktop/hoffman-project/hoffman-backend/vendor/phpunit/phpunit/src/Framework/TestCase.php(365): PHPUnit\\Framework\\TestRunner->run(Object(Tests\\Feature\\Auth\\LoginTest))
#55 /Users/unknwnkate/Desktop/hoffman-project/hoffman-backend/vendor/phpunit/phpunit/src/Framework/TestSuite.php(369): PHPUnit\\Framework\\TestCase->run()
#56 /Users/unknwnkate/Desktop/hoffman-project/hoffman-backend/vendor/phpunit/phpunit/src/Framework/TestSuite.php(369): PHPUnit\\Framework\\TestSuite->run()
#57 /Users/unknwnkate/Desktop/hoffman-project/hoffman-backend/vendor/phpunit/phpunit/src/Framework/TestSuite.php(369): PHPUnit\\Framework\\TestSuite->run()
#58 /Users/unknwnkate/Desktop/hoffman-project/hoffman-backend/vendor/phpunit/phpunit/src/TextUI/TestRunner.php(64): PHPUnit\\Framework\\TestSuite->run()
#59 /Users/unknwnkate/Desktop/hoffman-project/hoffman-backend/vendor/phpunit/phpunit/src/TextUI/Application.php(211): PHPUnit\\TextUI\\TestRunner->run(Object(PHPUnit\\TextUI\\Configuration\\Configuration), Object(PHPUnit\\Runner\\ResultCache\\DefaultResultCache), Object(PHPUnit\\Framework\\TestSuite))
#60 /Users/unknwnkate/Desktop/hoffman-project/hoffman-backend/vendor/phpunit/phpunit/phpunit(104): PHPUnit\\TextUI\\Application->run(Array)
#61 /Users/unknwnkate/Desktop/hoffman-project/hoffman-backend/vendor/bin/phpunit(122): include('/Users/unknwnka...')
#62 {main}
"} 
[2026-09-07 12:38:09] testing.ERROR:  {"exception":"[object] (App\\Domain\\Auth\\Exceptions\\InvalidCredentialsException(code: 0):  at /Users/unknwnkate/Desktop/hoffman-project/hoffman-backend/app/Domain/Auth/Services/AuthService.php:42)
[stacktrace]
#0 /Users/unknwnkate/Desktop/hoffman-project/hoffman-backend/app/Http/Controllers/Api/V1/AuthController.php(27): App\\Domain\\Auth\\Services\\AuthService->login(Array)
#1 /Users/unknwnkate/Desktop/hoffman-project/hoffman-backend/vendor/laravel/framework/src/Illuminate/Routing/ControllerDispatcher.php(47): App\\Http\\Controllers\\Api\\V1\\AuthController->login(Object(App\\Http\\Requests\\Auth\\LoginRequest))
#2 /Users/unknwnkate/Desktop/hoffman-project/hoffman-backend/vendor/sentry/sentry-laravel/src/Sentry/Laravel/Tracing/Routing/TracingControllerDispatcherTracing.php(21): Illuminate\\Routing\\ControllerDispatcher->dispatch(Object(Illuminate\\Routing\\Route), Object(App\\Http\\Controllers\\Api\\V1\\AuthController), 'login')
#3 /Users/unknwnkate/Desktop/hoffman-project/hoffman-backend/vendor/sentry/sentry-laravel/src/Sentry/Laravel/Tracing/Routing/TracingRoutingDispatcher.php(35): Sentry\\Laravel\\Tracing\\Routing\\TracingControllerDispatcherTracing->{closure:Sentry\\Laravel\\Tracing\\Routing\\TracingControllerDispatcherTracing::dispatch():20}()
#4 /Users/unknwnkate/Desktop/hoffman-project/hoffman-backend/vendor/sentry/sentry-laravel/src/Sentry/Laravel/Tracing/Routing/TracingControllerDispatcherTracing.php(20): Sentry\\Laravel\\Tracing\\Routing\\TracingRoutingDispatcher->wrapRouteDispatch(Object(Closure), Object(Illuminate\\Routing\\Route))
#5 /Users/unknwnkate/Desktop/hoffman-project/hoffman-backend/vendor/laravel/framework/src/Illuminate/Routing/Route.php(266): Sentry\\Laravel\\Tracing\\Routing\\TracingControllerDispatcherTracing->dispatch(Object(Illuminate\\Routing\\Route), Object(App\\Http\\Controllers\\Api\\V1\\AuthController), 'login')
#6 /Users/unknwnkate/Desktop/hoffman-project/hoffman-backend/vendor/laravel/framework/src/Illuminate/Routing/Route.php(212): Illuminate\\Routing\\Route->runController()
#7 /Users/unknwnkate/Desktop/hoffman-project/hoffman-backend/vendor/laravel/framework/src/Illuminate/Routing/Router.php(808): Illuminate\\Routing\\Route->run()
#8 /Users/unknwnkate/Desktop/hoffman-project/hoffman-backend/vendor/laravel/framework/src/Illuminate/Pipeline/Pipeline.php(170): Illuminate\\Routing\\Router->{closure:Illuminate\\Routing\\Router::runRouteWithinStack():807}(Object(Illuminate\\Http\\Request))
#9 /Users/unknwnkate/Desktop/hoffman-project/hoffman-backend/vendor/laravel/framework/src/Illuminate/Routing/Middleware/SubstituteBindings.php(51): Illuminate\\Pipeline\\Pipeline->{closure:Illuminate\\Pipeline\\Pipeline::prepareDestination():168}(Object(Illuminate\\Http\\Request))
#10 /Users/unknwnkate/Desktop/hoffman-project/hoffman-backend/vendor/laravel/framework/src/Illuminate/Pipeline/Pipeline.php(209): Illuminate\\Routing\\Middleware\\SubstituteBindings->handle(Object(Illuminate\\Http\\Request), Object(Closure))
#11 /Users/unknwnkate/Desktop/hoffman-project/hoffman-backend/vendor/laravel/framework/src/Illuminate/Pipeline/Pipeline.php(127): Illuminate\\Pipeline\\Pipeline->{closure:{closure:Illuminate\\Pipeline\\Pipeline::carry():184}:185}(Object(Illuminate\\Http\\Request))
#12 /Users/unknwnkate/Desktop/hoffman-project/hoffman-backend/vendor/laravel/framework/src/Illuminate/Routing/Router.php(807): Illuminate\\Pipeline\\Pipeline->then(Object(Closure))
#13 /Users/unknwnkate/Desktop/hoffman-project/hoffman-backend/vendor/laravel/framework/src/Illuminate/Routing/Router.php(786): Illuminate\\Routing\\Router->runRouteWithinStack(Object(Illuminate\\Routing\\Route), Object(Illuminate\\Http\\Request))
#14 /Users/unknwnkate/Desktop/hoffman-project/hoffman-backend/vendor/laravel/framework/src/Illuminate/Routing/Router.php(750): Illuminate\\Routing\\Router->runRoute(Object(Illuminate\\Http\\Request), Object(Illuminate\\Routing\\Route))
#15 /Users/unknwnkate/Desktop/hoffman-project/hoffman-backend/vendor/laravel/framework/src/Illuminate/Routing/Router.php(739): Illuminate\\Routing\\Router->dispatchToRoute(Object(Illuminate\\Http\\Request))
#16 /Users/unknwnkate/Desktop/hoffman-project/hoffman-backend/vendor/laravel/framework/src/Illuminate/Foundation/Http/Kernel.php(201): Illuminate\\Routing\\Router->dispatch(Object(Illuminate\\Http\\Request))
#17 /Users/unknwnkate/Desktop/hoffman-project/hoffman-backend/vendor/laravel/framework/src/Illuminate/Pipeline/Pipeline.php(170): Illuminate\\Foundation\\Http\\Kernel->{closure:Illuminate\\Foundation\\Http\\Kernel::dispatchToRouter():198}(Object(Illuminate\\Http\\Request))
#18 /Users/unknwnkate/Desktop/hoffman-project/hoffman-backend/vendor/sentry/sentry-laravel/src/Sentry/Laravel/Http/FlushEventsMiddleware.php(13): Illuminate\\Pipeline\\Pipeline->{closure:Illuminate\\Pipeline\\Pipeline::prepareDestination():168}(Object(Illuminate\\Http\\Request))
#19 /Users/unknwnkate/Desktop/hoffman-project/hoffman-backend/vendor/laravel/framework/src/Illuminate/Pipeline/Pipeline.php(209): Sentry\\Laravel\\Http\\FlushEventsMiddleware->handle(Object(Illuminate\\Http\\Request), Object(Closure))
#20 /Users/unknwnkate/Desktop/hoffman-project/hoffman-backend/vendor/sentry/sentry-laravel/src/Sentry/Laravel/Http/SetRequestIpMiddleware.php(45): Illuminate\\Pipeline\\Pipeline->{closure:{closure:Illuminate\\Pipeline\\Pipeline::carry():184}:185}(Object(Illuminate\\Http\\Request))
#21 /Users/unknwnkate/Desktop/hoffman-project/hoffman-backend/vendor/laravel/framework/src/Illuminate/Pipeline/Pipeline.php(209): Sentry\\Laravel\\Http\\SetRequestIpMiddleware->handle(Object(Illuminate\\Http\\Request), Object(Closure))
#22 /Users/unknwnkate/Desktop/hoffman-project/hoffman-backend/vendor/sentry/sentry-laravel/src/Sentry/Laravel/Http/SetRequestMiddleware.php(31): Illuminate\\Pipeline\\Pipeline->{closure:{closure:Illuminate\\Pipeline\\Pipeline::carry():184}:185}(Object(Illuminate\\Http\\Request))
#23 /Users/unknwnkate/Desktop/hoffman-project/hoffman-backend/vendor/laravel/framework/src/Illuminate/Pipeline/Pipeline.php(209): Sentry\\Laravel\\Http\\SetRequestMiddleware->handle(Object(Illuminate\\Http\\Request), Object(Closure))
#24 /Users/unknwnkate/Desktop/hoffman-project/hoffman-backend/app/Http/Middleware/SentryContext.php(23): Illuminate\\Pipeline\\Pipeline->{closure:{closure:Illuminate\\Pipeline\\Pipeline::carry():184}:185}(Object(Illuminate\\Http\\Request))
#25 /Users/unknwnkate/Desktop/hoffman-project/hoffman-backend/vendor/laravel/framework/src/Illuminate/Pipeline/Pipeline.php(209): App\\Http\\Middleware\\SentryContext->handle(Object(Illuminate\\Http\\Request), Object(Closure))
#26 /Users/unknwnkate/Desktop/hoffman-project/hoffman-backend/vendor/laravel/framework/src/Illuminate/Foundation/Http/Middleware/TransformsRequest.php(21): Illuminate\\Pipeline\\Pipeline->{closure:{closure:Illuminate\\Pipeline\\Pipeline::carry():184}:185}(Object(Illuminate\\Http\\Request))
#27 /Users/unknwnkate/Desktop/hoffman-project/hoffman-backend/vendor/laravel/framework/src/Illuminate/Foundation/Http/Middleware/ConvertEmptyStringsToNull.php(31): Illuminate\\Foundation\\Http\\Middleware\\TransformsRequest->handle(Object(Illuminate\\Http\\Request), Object(Closure))
#28 /Users/unknwnkate/Desktop/hoffman-project/hoffman-backend/vendor/laravel/framework/src/Illuminate/Pipeline/Pipeline.php(209): Illuminate\\Foundation\\Http\\Middleware\\ConvertEmptyStringsToNull->handle(Object(Illuminate\\Http\\Request), Object(Closure))
#29 /Users/unknwnkate/Desktop/hoffman-project/hoffman-backend/vendor/laravel/framework/src/Illuminate/Foundation/Http/Middleware/TransformsRequest.php(21): Illuminate\\Pipeline\\Pipeline->{closure:{closure:Illuminate\\Pipeline\\Pipeline::carry():184}:185}(Object(Illuminate\\Http\\Request))
#30 /Users/unknwnkate/Desktop/hoffman-project/hoffman-backend/vendor/laravel/framework/src/Illuminate/Foundation/Http/Middleware/TrimStrings.php(51): Illuminate\\Foundation\\Http\\Middleware\\TransformsRequest->handle(Object(Illuminate\\Http\\Request), Object(Closure))
#31 /Users/unknwnkate/Desktop/hoffman-project/hoffman-backend/vendor/laravel/framework/src/Illuminate/Pipeline/Pipeline.php(209): Illuminate\\Foundation\\Http\\Middleware\\TrimStrings->handle(Object(Illuminate\\Http\\Request), Object(Closure))
#32 /Users/unknwnkate/Desktop/hoffman-project/hoffman-backend/vendor/laravel/framework/src/Illuminate/Http/Middleware/ValidatePostSize.php(27): Illuminate\\Pipeline\\Pipeline->{closure:{closure:Illuminate\\Pipeline\\Pipeline::carry():184}:185}(Object(Illuminate\\Http\\Request))
#33 /Users/unknwnkate/Desktop/hoffman-project/hoffman-backend/vendor/laravel/framework/src/Illuminate/Pipeline/Pipeline.php(209): Illuminate\\Http\\Middleware\\ValidatePostSize->handle(Object(Illuminate\\Http\\Request), Object(Closure))
#34 /Users/unknwnkate/Desktop/hoffman-project/hoffman-backend/vendor/laravel/framework/src/Illuminate/Foundation/Http/Middleware/PreventRequestsDuringMaintenance.php(110): Illuminate\\Pipeline\\Pipeline->{closure:{closure:Illuminate\\Pipeline\\Pipeline::carry():184}:185}(Object(Illuminate\\Http\\Request))
#35 /Users/unknwnkate/Desktop/hoffman-project/hoffman-backend/vendor/laravel/framework/src/Illuminate/Pipeline/Pipeline.php(209): Illuminate\\Foundation\\Http\\Middleware\\PreventRequestsDuringMaintenance->handle(Object(Illuminate\\Http\\Request), Object(Closure))
#36 /Users/unknwnkate/Desktop/hoffman-project/hoffman-backend/vendor/laravel/framework/src/Illuminate/Http/Middleware/HandleCors.php(62): Illuminate\\Pipeline\\Pipeline->{closure:{closure:Illuminate\\Pipeline\\Pipeline::carry():184}:185}(Object(Illuminate\\Http\\Request))
#37 /Users/unknwnkate/Desktop/hoffman-project/hoffman-backend/vendor/laravel/framework/src/Illuminate/Pipeline/Pipeline.php(209): Illuminate\\Http\\Middleware\\HandleCors->handle(Object(Illuminate\\Http\\Request), Object(Closure))
#38 /Users/unknwnkate/Desktop/hoffman-project/hoffman-backend/vendor/laravel/framework/src/Illuminate/Http/Middleware/TrustProxies.php(58): Illuminate\\Pipeline\\Pipeline->{closure:{closure:Illuminate\\Pipeline\\Pipeline::carry():184}:185}(Object(Illuminate\\Http\\Request))
#39 /Users/unknwnkate/Desktop/hoffman-project/hoffman-backend/vendor/laravel/framework/src/Illuminate/Pipeline/Pipeline.php(209): Illuminate\\Http\\Middleware\\TrustProxies->handle(Object(Illuminate\\Http\\Request), Object(Closure))
#40 /Users/unknwnkate/Desktop/hoffman-project/hoffman-backend/vendor/laravel/framework/src/Illuminate/Foundation/Http/Middleware/InvokeDeferredCallbacks.php(22): Illuminate\\Pipeline\\Pipeline->{closure:{closure:Illuminate\\Pipeline\\Pipeline::carry():184}:185}(Object(Illuminate\\Http\\Request))
#41 /Users/unknwnkate/Desktop/hoffman-project/hoffman-backend/vendor/laravel/framework/src/Illuminate/Pipeline/Pipeline.php(209): Illuminate\\Foundation\\Http\\Middleware\\InvokeDeferredCallbacks->handle(Object(Illuminate\\Http\\Request), Object(Closure))
#42 /Users/unknwnkate/Desktop/hoffman-project/hoffman-backend/vendor/sentry/sentry-laravel/src/Sentry/Laravel/Tracing/Middleware.php(79): Illuminate\\Pipeline\\Pipeline->{closure:{closure:Illuminate\\Pipeline\\Pipeline::carry():184}:185}(Object(Illuminate\\Http\\Request))
#43 /Users/unknwnkate/Desktop/hoffman-project/hoffman-backend/vendor/laravel/framework/src/Illuminate/Pipeline/Pipeline.php(209): Sentry\\Laravel\\Tracing\\Middleware->handle(Object(Illuminate\\Http\\Request), Object(Closure))
#44 /Users/unknwnkate/Desktop/hoffman-project/hoffman-backend/vendor/laravel/framework/src/Illuminate/Pipeline/Pipeline.php(127): Illuminate\\Pipeline\\Pipeline->{closure:{closure:Illuminate\\Pipeline\\Pipeline::carry():184}:185}(Object(Illuminate\\Http\\Request))
#45 /Users/unknwnkate/Desktop/hoffman-project/hoffman-backend/vendor/laravel/framework/src/Illuminate/Foundation/Http/Kernel.php(176): Illuminate\\Pipeline\\Pipeline->then(Object(Closure))
#46 /Users/unknwnkate/Desktop/hoffman-project/hoffman-backend/vendor/laravel/framework/src/Illuminate/Foundation/Http/Kernel.php(145): Illuminate\\Foundation\\Http\\Kernel->sendRequestThroughRouter(Object(Illuminate\\Http\\Request))
#47 /Users/unknwnkate/Desktop/hoffman-project/hoffman-backend/vendor/laravel/framework/src/Illuminate/Foundation/Testing/Concerns/MakesHttpRequests.php(607): Illuminate\\Foundation\\Http\\Kernel->handle(Object(Illuminate\\Http\\Request))
#48 /Users/unknwnkate/Desktop/hoffman-project/hoffman-backend/vendor/laravel/framework/src/Illuminate/Foundation/Testing/Concerns/MakesHttpRequests.php(573): Illuminate\\Foundation\\Testing\\TestCase->call('POST', '/api/v1/auth/lo...', Array, Array, Array, Array, '{\"email\":\"jane@...')
#49 /Users/unknwnkate/Desktop/hoffman-project/hoffman-backend/vendor/laravel/framework/src/Illuminate/Foundation/Testing/Concerns/MakesHttpRequests.php(411): Illuminate\\Foundation\\Testing\\TestCase->json('POST', '/api/v1/auth/lo...', Array, Array, 0)
#50 /Users/unknwnkate/Desktop/hoffman-project/hoffman-backend/tests/Feature/Auth/LoginTest.php(50): Illuminate\\Foundation\\Testing\\TestCase->postJson('/api/v1/auth/lo...', Array)
#51 /Users/unknwnkate/Desktop/hoffman-project/hoffman-backend/vendor/phpunit/phpunit/src/Framework/TestCase.php(1667): Tests\\Feature\\Auth\\LoginTest->test_it_rejects_login_with_an_incorrect_password()
#52 /Users/unknwnkate/Desktop/hoffman-project/hoffman-backend/vendor/phpunit/phpunit/src/Framework/TestCase.php(519): PHPUnit\\Framework\\TestCase->runTest()
#53 /Users/unknwnkate/Desktop/hoffman-project/hoffman-backend/vendor/phpunit/phpunit/src/Framework/TestRunner/TestRunner.php(87): PHPUnit\\Framework\\TestCase->runBare()
#54 /Users/unknwnkate/Desktop/hoffman-project/hoffman-backend/vendor/phpunit/phpunit/src/Framework/TestCase.php(365): PHPUnit\\Framework\\TestRunner->run(Object(Tests\\Feature\\Auth\\LoginTest))
#55 /Users/unknwnkate/Desktop/hoffman-project/hoffman-backend/vendor/phpunit/phpunit/src/Framework/TestSuite.php(369): PHPUnit\\Framework\\TestCase->run()
#56 /Users/unknwnkate/Desktop/hoffman-project/hoffman-backend/vendor/phpunit/phpunit/src/Framework/TestSuite.php(369): PHPUnit\\Framework\\TestSuite->run()
#57 /Users/unknwnkate/Desktop/hoffman-project/hoffman-backend/vendor/phpunit/phpunit/src/Framework/TestSuite.php(369): PHPUnit\\Framework\\TestSuite->run()
#58 /Users/unknwnkate/Desktop/hoffman-project/hoffman-backend/vendor/phpunit/phpunit/src/TextUI/TestRunner.php(64): PHPUnit\\Framework\\TestSuite->run()
#59 /Users/unknwnkate/Desktop/hoffman-project/hoffman-backend/vendor/phpunit/phpunit/src/TextUI/Application.php(211): PHPUnit\\TextUI\\TestRunner->run(Object(PHPUnit\\TextUI\\Configuration\\Configuration), Object(PHPUnit\\Runner\\ResultCache\\DefaultResultCache), Object(PHPUnit\\Framework\\TestSuite))
#60 /Users/unknwnkate/Desktop/hoffman-project/hoffman-backend/vendor/phpunit/phpunit/phpunit(104): PHPUnit\\TextUI\\Application->run(Array)
#61 /Users/unknwnkate/Desktop/hoffman-project/hoffman-backend/vendor/bin/phpunit(122): include('/Users/unknwnka...')
#62 {main}
"} 
